id,title,release_date,vote_average,popularity,language,overview
1242898,Predator: Badlands,2025-11-05,7.8,515.73,EN,"Cast out from his clan, a young Predator finds an unlikely ally in a damaged android and embarks on a treacherous journey in search of the ultimate adversary."
1242501,Icefall,2025-10-16,6.8,355.71,EN,"A young Indigenous game warden arrests an infamous poacher only to discover that the poacher knows the location of a plane carrying millions of dollars that has crashed in a frozen lake. When a group of criminals and dirty cops are alerted to the poacher’s whereabouts, the warden and the poacher team up to fight back and escape across the treacherous lake before the ice melts."
83533,Avatar: Fire and Ash,2025-12-17,7.4,306.28,EN,"In the wake of the devastating war against the RDA and the loss of their eldest son, Jake Sully and Neytiri face a new threat on Pandora: the Ash People, a violent and power-hungry Na'vi tribe led by the ruthless Varang. Jake's family must fight for their survival and the future of Pandora in a conflict that pushes them to their emotional and physical limits."
62029,Bingo Bongo,1982-12-23,5.7,244.17,IT,"The ape-man, found somewhere in the jungles of Congo, transferred to Milan and named Bingo Bongo. The only one who believes in the human qualities of him is Laura, a woman anthropologist , so their affection for each other even grows to love."
1252037,The Tank,2025-09-18,7.0,231.54,DE,"A German Tiger tank crew is sent on a dangerous mission to rescue the missing officer Paul von Hardenburg from a top-secret bunker behind enemy lines. As they make their way through the lethal no-man's land, they must confront not only the enemy, but also their own fears and inner demons. Fueled by the Wehrmacht's methamphetamine, their mission increasingly becomes a journey into the heart of darkness."
1084242,Zootopia 2,2025-11-26,7.6,207.21,EN,"After cracking the biggest case in Zootopia's history, rookie cops Judy Hopps and Nick Wilde find themselves on the twisting trail of a great mystery when Gary De'Snake arrives and turns the animal metropolis upside down. To crack the case, Judy and Nick must go undercover to unexpected new parts of town, where their growing partnership is tested like never before."
1368166,The Housemaid,2025-12-18,7.2,163.0,EN,"Trying to escape her past, Millie Calloway accepts a job as a live-in housemaid for the wealthy Nina and Andrew Winchester. But what begins as a dream job quickly unravels into something far more dangerous—a sexy, seductive game of secrets, scandal, and power."
628847,Trap House,2025-11-14,6.4,144.86,EN,"An undercover DEA agent and his partner embark on a game of cat and mouse with an audacious, and surprising group of thieves - their own rebellious teenagers, who have begun robbing from a dangerous cartel, using their parents' tactics and top-secret intel to do it."
1511417,Bāhubali: The Epic,2025-10-29,5.7,142.03,TE,"When a mysterious child is found by a tribal couple near a roaring waterfall, they raise him as their own. As he grows, Sivudu is drawn to the world beyond the cliffs, where he discovers the ancient kingdom of Mahishmati, ruled by a cruel tyrant, haunted by rebellion, and bound to his past. What begins as a quest for love soon unravels a legacy of betrayal, sacrifice, and a forgotten prince."
1311031,Demon Slayer: Kimetsu no Yaiba Infinity Castle,2025-07-18,7.6,137.19,JA,"The Demon Slayer Corps are drawn into the Infinity Castle, where Tanjiro, Nezuko, and the Hashira face terrifying Upper Rank demons in a desperate fight as the final battle against Muzan Kibutsuji begins."
1034716,People We Meet on Vacation,2026-01-06,7.2,131.27,EN,"Poppy's a free spirit. Alex loves a plan. After years of summer vacations, these polar-opposite pals wonder if they could be a perfect romantic match."
755898,War of the Worlds,2025-07-29,4.2,129.04,EN,"Will Radford is a top analyst for Homeland Security who tracks potential threats through a mass surveillance program, until one day an attack by an unknown entity leads him to question whether the government is hiding something from him... and from the rest of the world."
1301122,Nazi Supersoldier,2024-10-13,4.7,116.53,EN,"A group of journalism students ventures into a remote forest and awakens a long-frozen World War II experiment a superhuman Nazi soldier. Hunted through cursed woods where trust crumbles and survival is slim, they soon learn that some sins demand blood."
1131759,Omniscient Reader: The Prophecy,2025-07-23,6.8,111.59,KO,"Kim Dok-ja, an ordinary man in his 20s, is the only reader of an obscure web novel titled ""Three Ways to Survive the Apocalypse"". After having read the last chapter, the novel suddenly becomes reality, and its omnipotent hero Yu Jung-hyeok appears before Kim. As the only person who knows how to survive in this world, Kim and his companions strive to save the world by writing his own, new ending."
425274,Now You See Me: Now You Don't,2025-11-12,6.6,106.23,EN,"The original Four Horsemen reunite with a new generation of illusionists to take on powerful diamond heiress Veronika Vanderberg, who leads a criminal empire built on money laundering and trafficking. The new and old magicians must overcome their differences to work together on their most ambitious heist yet."
1228246,Five Nights at Freddy's 2,2025-12-03,6.8,102.38,EN,"One year since the supernatural nightmare at Freddy Fazbear's Pizza, the stories about what transpired there have been twisted into a campy local legend, inspiring the town's first ever Fazfest. With the truth kept from her, Abby sneaks out to reconnect with Freddy, Bonnie, Chica, and Foxy, setting into motion a terrifying series of events that will reveal dark secrets about the real origin of Freddy's, and unleash a decades-hidden horror."
1512623,Risqué,2025-08-01,7.5,101.61,EN,"Fired from a strip club, a vengeful dancer masterminds a high-stakes heist with fellow strippers to take down the corrupt boss and the men who underestimate them."
1208348,Rental Family,2025-11-20,7.7,96.45,EN,"An American actor in Tokyo struggles to find purpose until he lands an unusual gig: working for a Japanese 'rental family' agency, playing stand-in roles for strangers. As he immerses himself in his clients' worlds, he begins to form genuine bonds that blur the lines between performance and reality."
982843,The Great Flood,2025-09-18,6.0,94.88,KO,"When a raging flood traps a researcher and her young son, a call to a crucial mission puts their escape — and the future of humanity — on the line."
1419406,The Shadow's Edge,2025-08-16,7.0,94.81,ZH,Macau Police brings the tracking expert police officer out of retirement to help catch a dangerous group of professional thieves.
1054867,One Battle After Another,2025-09-23,7.4,86.25,EN,"Washed-up revolutionary Bob exists in a state of stoned paranoia, surviving off-grid with his spirited, self-reliant daughter, Willa. When his evil nemesis resurfaces after 16 years and she goes missing, the former radical scrambles to find her, father and daughter both battling the consequences of his past."
1439112,Muzzle: City of Wolves,2025-11-13,6.8,81.32,EN,"LAPD officer Jake Rosser endeavors to lead a peaceful life with his family and retired K-9 officer, Socks. However, tranquility dissolves into chaos when a gang targets them in a brutal attack. Alongside his new K-9 partner Argos, Jake launches into a relentless pursuit of justice, determined to protect his loved ones."
1137179,Yadang: The Snitch,2025-04-16,7.0,80.25,KO,"Navigating both the criminal underworld and law enforcement agencies, professional snitches called ""yadang"" provide covert information about the drug world to prosecutors and police. When a drug bust at a party attended by high-profile second-generation VIPs entangles those involved into a dangerous conspiracy, a seasoned yadang must do everything in his power not just to make it out on top, but alive."
1445698,The Pearl Comb,2025-03-06,7.0,79.9,EN,"A doctor, hell-bent on proving a woman’s place is in the home and not practising medicine, is sent to investigate her miraculous claim - only to discover the source of her unearthly power..."
533533,TRON: Ares,2025-10-08,6.5,79.31,EN,"A highly sophisticated Program called Ares is sent from the digital world into the real world on a dangerous mission, marking humankind's first encounter with A.I. beings."
1491902,Bang,2025-07-11,6.3,76.22,TH,"Follows a ruthless hitman who, after narrowly escaping a fatal attempt on his life, betrays his gang in an effort to find forgiveness but ends up becoming a target himself."
76600,Avatar: The Way of Water,2022-12-14,7.6,74.36,EN,"Set more than a decade after the events of the first film, learn the story of the Sully family (Jake, Neytiri, and their kids), the trouble that follows them, the lengths they go to keep each other safe, the battles they fight to stay alive, and the tragedies they endure."
1205229,Night of the Zoopocalypse,2025-01-23,6.6,74.08,EN,A wolf and mountain lion team up when a meteor unleashes a virus turning zoo animals into zombies. They join forces with other survivors to rescue the zoo and stop the deranged mutant leader from spreading the virus.
1247002,The Old Woman with the Knife,2025-04-30,6.5,73.85,KO,"Aging assassin Hornclaw has seen it all, but she never expected to mentor a reckless rookie like Bullfight. As their unlikely bond deepens, cracks form in the underworld they navigate together. When Hornclaw discovers someone wants her dead, she's thrust into a deadly game of deception. With enemies closing in and trust in short supply, survival means staying sharp—both blade and mind."
1539104,JUJUTSU KAISEN: Execution,2025-11-07,5.6,72.15,JA,"A veil abruptly descends over the busy Shibuya area amid the bustling Halloween crowds, trapping countless civilians inside. Satoru Gojo, the strongest jujutsu sorcerer, steps into the chaos. But lying in wait are curse users and spirits scheming to seal him away. Yuji Itadori, accompanied by his classmates and other top-tier jujutsu sorcerers, enters the fray in an unprecedented clash of curses — the Shibuya Incident. In the aftermath, ten colonies across Japan are transformed into dens of curses in a plan orchestrated by Noritoshi Kamo. As the deadly Culling Game starts, Special Grade sorcerer Yuta Okkotsu is assigned to carry out Yuji's execution for his perceived crimes. A compilation movie of Shibuya Incident including the first two episodes of the Culling Games arc."
24428,The Avengers,2012-04-25,7.9,69.3,EN,"When an unexpected enemy emerges and threatens global safety and security, Nick Fury, director of the international peacekeeping agency known as S.H.I.E.L.D., finds himself in need of a team to pull the world back from the brink of disaster. Spanning the globe, a daring recruitment effort begins!"
840464,Greenland 2: Migration,2026-01-07,6.9,67.79,EN,"Having found the safety of the Greenland bunker after the comet Clarke decimated the Earth, the Garrity family must now risk everything to embark on a perilous journey across the wasteland of Europe to find a new home."
1327881,Voice of Shadows,2024-09-17,4.7,67.18,EN,A young working class woman stands to inherit an estate if she and her boyfriend abide by a set of bizarre stipulations.
1223601,Sisu: Road to Revenge,2025-10-21,7.5,67.04,FI,"Returning to the house where his family was brutally murdered during the war, ""the man who refuses to die"" dismantles it, loads it on a truck, and is determined to rebuild it somewhere safe in their honor. When the commander who killed his family comes back hellbent on finishing the job, a relentless, eye-popping cross-country chase ensues."
1181765,School of Magical Animals 3,2024-09-26,6.2,65.37,DE,"Ida wants to perform with her class at the annual Forest Day to campaign for the protection of the local forest. Even Helene is there, as she hopes to use the footage of the performance to build up her influencer channel. What nobody knows is that Helene's family is on the verge of bankruptcy and Helene urgently needs followers to avert the threat of bankruptcy. Helene is also under pressure from the high expectations of her magical animal, Karajan the cat from Paris, who imagines a life of pure luxury."
19995,Avatar,2009-12-16,7.6,64.13,EN,"In the 22nd century, a paraplegic Marine is dispatched to the moon Pandora on a unique mission, but becomes torn between following orders and protecting an alien civilization."
1196067,Worldbreaker,2025-10-30,6.3,63.36,EN,"Five years ago, a tear in the fabric of reality brought creatures to our world from an alternate dimension bent on our destruction. A father hides his daughter on an island to keep her safe while he prepares her for survival and the battles to come. But when the world is about to break, no place is safe."
7451,xXx,2002-08-09,6.0,62.99,EN,"Xander Cage is your standard adrenaline junkie with no fear and a lousy attitude. When the US Government ""recruits"" him to go on a mission, he's not exactly thrilled. His mission: to gather information on an organization that may just be planning the destruction of the world, led by the nihilistic Yorgi."
1234731,Anaconda,2025-12-24,5.9,61.24,EN,"A group of friends facing mid-life crises head to the rainforest with the intention of remaking their favorite movie from their youth, only to find themselves in a fight for their lives against natural disasters, giant snakes and violent criminals."
772462,Don't Follow Me,2025-10-30,6.3,60.89,ES,"Obsessed with going viral with her videos of ghosts and paranormal events, aspiring influencer Carla moves into a famous haunted building. There, she begins faking ghostly apparitions to gain more followers, unaware that a real evil entity resides in her apartment and will torment her until no one, not even she, can distinguish what's real and what isn't."
803796,KPop Demon Hunters,2025-06-20,8.1,61.64,EN,"When K-pop superstars Rumi, Mira and Zoey aren't selling out stadiums, they're using their secret powers to protect their fans from supernatural threats."
1013446,Reflection in a Dead Diamond,2025-06-25,6.1,57.61,FR,"When the mysterious woman in the room next door disappears, a debonair 70-year-old ex-spy living in a luxury hotel on the Côte d'Azur is confronted by the demons and darlings of a lurid past in which moviemaking, memories and madness collide."
252969,Secret Pleasures,2002-10-15,2.6,59.89,EN,"An attractive woman detective, expert in cases of conjugal infidelity is hired by a mysterious millionaire, unaware that she will get involved in a feverish love triangle to gather all the evidence she needs to finish the case."
798645,The Running Man,2025-11-11,6.8,55.26,EN,"Desperate to save his sick daughter, working-class Ben Richards is convinced by The Running Man's charming but ruthless producer to enter the deadly competition game as a last resort. But Ben's defiance, instincts, and grit turn him into an unexpected fan favorite — and a threat to the entire system. As ratings skyrocket, so does the danger, and Ben must outwit not just the Hunters, but a nation addicted to watching him fall."
1433667,Merkin Penal,2014-01-31,0.0,35.5,EN,"Gary is falsely accused of beating his insane ex-girlfriend Charlotte, and he is sentenced to 30 days in Merkin Penal, a privately run prison. Once behind bars he runs into his old friend Smitty, who's in the 2nd year of his 9 month stay, due to a run in with the TSA. Smitty is ""insane Charlotte's"" older brother. Smitty and Gary met while Gary and Charlotte were an item. They are forever bonded together by their shared celebration of hatred for Charlotte. After a First Class, welcoming tour of the prison via Smitty, and a run-in with Emmett O'Donald, from upper Prison Management, Gary realizes his original sentence of 30 days was all Bulls@!t. He may never get out."
639988,No Other Choice,2025-09-24,7.8,58.18,KO,"Looking for a job? When a happy family man is dismissed after twenty-five years of loyal service at a paper company, he finds the perfect solution to land his next role: truly eliminate the competition."
1336189,Delivery Run,2025-09-10,5.7,56.61,EN,"A food delivery driver gets caught in a deadly chase in the icy Minnesota wilderness, pursued by a crazed snowplow driver for unknown reasons, facing life-threatening situations and forced to outsmart his relentless pursuer alone."
1062722,Frankenstein,2025-10-17,7.7,54.62,EN,"Dr. Victor Frankenstein, a brilliant but egotistical scientist, brings a creature to life in a monstrous experiment that ultimately leads to the undoing of both the creator and his tragic creation."
1272837,28 Years Later: The Bone Temple,2026-01-14,5.6,53.29,EN,Dr. Kelson finds himself in a shocking new relationship - with consequences that could change the world as they know it - and Spike's encounter with Jimmy Crystal becomes a nightmare he can't escape.
1371185,Song Sung Blue,2025-12-25,7.6,51.96,EN,"Based on a true story, two down-on-their-luck musicians form a joyous Neil Diamond tribute band, proving it's never too late to find love and follow your dreams."
1317288,Marty Supreme,2025-12-19,8.0,50.36,EN,"In 1950s New York, table tennis player Marty Mauser, a young man with a dream no one respects, goes to Hell and back in pursuit of greatness."
1195518,The Unholy Trinity,2025-06-13,6.4,53.21,EN,"Set against the turbulent backdrop of 1870s Montana, in the moments before the execution of Isaac Broadway, he gives his estranged son, Henry, an impossible task: murder the man who framed him for a crime he didn’t commit. Intent on fulfilling his promise, Henry travels to the remote town of Trinity, where an unexpected turn of events traps him in town and leaves him caught between Gabriel Dove, the town’s upstanding new sheriff, and a mysterious figure named St. Christopher."
275039,Around the World in 80 Beds,1977-06-01,5.0,53.18,DE,"This German “mondo” movie has a TV host narrating and introducing various sexual acts from around the world. This includes S&M acts, a class teaching masturbation, a man who likes to pretend to be a baby and getting spanked by his mother and various other naughty tales."
1218925,Chainsaw Man - The Movie: Reze Arc,2025-09-19,8.3,50.55,JA,"In a brutal war between devils, hunters, and secret enemies, a mysterious girl named Reze has stepped into Denji's world, and he faces his deadliest battle yet, fueled by love in a world where survival knows no rules."
1033462,Bureau 749,2024-10-01,6.3,50.03,ZH,A traumatized young man with physical abnormalities is forced to join a mysterious bureau to confront a disaster spreading across the earth caused by an unknown creature. He embarks on an adventure uncovering mysteries about his life.
911430,F1,2025-06-25,7.8,44.8,EN,Racing legend Sonny Hayes is coaxed out of retirement to lead a struggling Formula 1 team—and mentor a young hotshot driver—while chasing one more chance at glory.
1315303,Primate,2026-01-01,6.4,47.15,EN,"Lucy, a college student, along with her friends, spend their vacation at her family's home in Hawaii, which includes her pet chimpanzee, Ben. However, when Ben contracts rabies after being bitten by a rabid animal, the group must fight for their lives in order to avoid the now-violent chimp."
157336,Interstellar,2014-11-05,8.5,47.48,EN,The adventures of a group of explorers who make use of a newly discovered wormhole to surpass the limitations on human space travel and conquer the vast distances involved in an interstellar voyage.
967941,Wicked: For Good,2025-11-19,6.7,45.65,EN,"As an angry mob rises against the Wicked Witch, Glinda and Elphaba will need to come together one final time. With their singular friendship now the fulcrum of their futures, they will need to truly see each other, with honesty and empathy, if they are to change themselves, and all of Oz, for good."
1387382,Hunting Season,2025-12-05,7.1,49.5,EN,"When a reclusive survivalist and his daughter rescue a mysterious, wounded woman from a river, they become entangled in a deadly web of violence and revenge, forcing them to confront a brutal criminal to survive."
575265,Mission: Impossible - The Final Reckoning,2025-05-17,7.2,49.02,EN,"Ethan Hunt and team continue their search for the terrifying AI known as the Entity — which has infiltrated intelligence networks all over the globe — with the world's governments and a mysterious ghost from Hunt's past on their trail. Joined by new allies and armed with the means to shut the Entity down for good, Hunt is in a race against time to prevent the world as we know it from changing forever."
550,Fight Club,1999-10-15,8.4,46.55,EN,"A ticking-time-bomb insomniac and a slippery soap salesman channel primal male aggression into a shocking new form of therapy. Their concept catches on, with underground ""fight clubs"" forming in every town, until an eccentric gets in the way and ignites an out-of-control spiral toward oblivion."
1043197,Dust Bunny,2025-12-11,7.2,46.49,EN,"Ten-year-old Aurora asks her hitman neighbor to kill the monster under her bed that she claims ate her family. To protect her, he must battle an onslaught of assassins while accepting that some monsters are real."
980477,Ne Zha 2,2025-01-29,8.1,46.09,ZH,"After a catastrophic event leaves their bodies destroyed, Ne Zha and Ao Bing are granted a fragile second chance at life. As tensions rise between the dragon clans and celestial forces, the two must undergo a series of perilous trials that will test their bond, challenge their identities, and decide the fate of both mortals and immortals."
1408208,Exit 8,2025-08-28,6.1,44.71,JA,"A man gets lost in an underground passage. He follows the ""guide"" through the passage, but one after another, strange things happen to him. Is this space real? Or an illusion? Will the man be able to escape the passage?"
269149,Zootopia,2016-02-11,7.8,42.22,EN,"Determined to prove herself, Officer Judy Hopps, the first bunny on Zootopia's police force, jumps at the chance to crack her first case - even if it means partnering with scam-artist fox Nick Wilde to solve the mystery."
1234821,Jurassic World Rebirth,2025-07-01,6.4,42.0,EN,"Five years after the events of Jurassic World Dominion, covert operations expert Zora Bennett is contracted to lead a skilled team on a top-secret mission to secure genetic material from the world's three most massive dinosaurs. When Zora's operation intersects with a civilian family whose boating expedition was capsized, they all find themselves stranded on an island where they come face-to-face with a sinister, shocking discovery that's been hidden from the world for decades."
1083637,Kantara - A Legend: Chapter 1,2025-10-01,7.0,41.88,KN,"During the Kadamba reign, King Vijayendra, the ruler of the fictional feudatory land of Bangra, meets his final fate while venturing into the mystical forest of Kantara. Witnessing this, his son Rajashekara seals the borders of their realm. Later, Prince Kulashekara reopens them through a brutal massacre. The protagonist, Berme, in search of prosperity, crosses the divide and ignites a conflict of faith, power, and destiny between the Kingdom and Nature."
1087192,How to Train Your Dragon,2025-06-06,8.0,41.56,EN,"On the rugged isle of Berk, where Vikings and dragons have been bitter enemies for generations, Hiccup stands apart, defying centuries of tradition when he befriends Toothless, a feared Night Fury dragon. Their unlikely bond reveals the true nature of dragons, challenging the very foundations of Viking society."
1102493,Small Things Like These,2024-11-01,6.7,41.27,EN,"In 1985, while working as a coal merchant to support his family, Bill Furlong discovers disturbing secrets kept by the local convent and uncovers truths of his own; forcing him to confront his past and the complicit silence of a small Irish town controlled by the Catholic Church."
812583,Wake Up Dead Man: A Knives Out Mystery,2025-11-26,7.2,41.2,EN,"When young priest Jud Duplenticy is sent to assist charismatic firebrand Monsignor Jefferson Wicks, it’s clear that all is not well in the pews. After a sudden and seemingly impossible murder rocks the town, the lack of an obvious suspect prompts local police chief Geraldine Scott to join forces with renowned detective Benoit Blanc to unravel a mystery that defies all logic."
617126,The Fantastic 4: First Steps,2025-07-23,7.0,41.14,EN,"Against the vibrant backdrop of a 1960s-inspired, retro-futuristic world, Marvel's First Family is forced to balance their roles as heroes with the strength of their family bond, while defending Earth from a ravenous space god called Galactus and his enigmatic Herald, Silver Surfer."
1610413,One Last Adventure: The Making of Stranger Things 5,2026-01-11,7.7,40.83,EN,An inside look at the years of effort and craft that went into the final installment of the Duffer Brothers' generation-defining series.
1246049,Dracula,2025-07-30,7.2,39.05,FR,"When a 15th-century prince denounces God after the devastating loss of his wife, he inherits an eternal curse: he becomes Dracula. Condemned to wander the centuries, he defies fate and death itself, guided by a single hope — to be reunited with his lost love."
1022453,The Rajasaab,2026-01-08,6.8,37.89,TE,"A young heir embraces both his royal heritage and rebellious spirit as he rises to power, establishing unprecedented rules during his reign as Raja Saab."
1233413,Sinners,2025-04-16,7.5,37.81,EN,"Trying to leave their troubled lives behind, twin brothers return to their hometown to start again, only to discover that an even greater evil is waiting to welcome them back."
1180831,Troll 2,2025-11-30,6.6,36.65,NO,"When a dangerous new troll unleashes devastation across their homeland, Nora, Andreas and Major Kris embark on their most perilous mission yet."
1363123,The Family Plan 2,2025-11-11,6.6,36.3,EN,"Now that Dan's assassin days are behind him, all he wants for Christmas is quality time with his kids. But when he learns his daughter has her own plans, he books a family trip to London—putting them all in the crosshairs of an unexpected enemy."
1448560,Wildcat,2025-11-19,6.0,36.29,EN,An ex-black ops team reunite to pull off a desperate heist in order to save the life of their leader’s eight-year-old daughter.
1090983,The Beldham,2025-11-07,5.5,36.12,EN,"At the edge of postpartum psychosis, new mother Harper moves in with her own mother at their family's rural farmhouse. Soon she finds herself hunted by a threatening monster who has designs on her child."
1403735,Laila,2025-02-14,5.2,35.52,TE,"Sonu Model, a renowned beautician from the old city, is forced to disguise himself as Laila, leading to a series of comedic, romantic, and action-packed events. Chaos ensues in this hilarious laugh riot"
1266990,Kulong,2024-05-24,6.0,34.43,TL,"Three friends retreat to a resort to collaborate on a daring screenplay for a contest. Faced with the challenge of writing about passion despite their own dry spells, their journey soon blurs the line between imagination and experience."
1010581,My Fault,2023-06-08,7.8,35.08,ES,"Noah must leave her city, boyfriend, and friends to move into William Leister's mansion, the flashy and wealthy husband of her mother Rafaela. As a proud and independent 17 year old, Noah resists living in a mansion surrounded by luxury. However, it is there where she meets Nick, her new stepbrother, and the clash of their strong personalities becomes evident from the very beginning."
858024,Hamnet,2025-11-26,7.6,34.05,EN,"The powerful story of love and loss that inspired the creation of Shakespeare's timeless masterpiece, Hamlet."
1255674,Crazy Old Lady,2025-10-10,5.6,64.64,ES,"Pedro receives a desperate message from an ex-girlfriend asking him to look after her senile mother, Alicia. What seems like a simple mission soon becomes his worst nightmare. Pedro needs to escape; but Alicia won’t let him..."
1116465,A Legend,2024-07-05,6.9,34.38,ZH,An archeologist noticed that the texture of the relics discovered during the excavation of a glacier closely resembled a jade pendant seen in one of his dreams. He and his team then embark on an expedition into the depths of the glacier.
1061474,Superman,2025-07-09,7.4,35.15,EN,"Superman, a journalist in Metropolis, embarks on a journey to reconcile his Kryptonian heritage with his human upbringing as Clark Kent."
756397,Hitpig!,2024-11-01,6.6,30.5,EN,"A porcine bounty hunter accepts his next hit: Pickles, a naive, ebullient elephant. Though he initially sets out to capture the perky pachyderm, the unlikely pair find themselves crisscrossing the globe on an adventure that brings out the best in both of them."
278,The Shawshank Redemption,1994-09-23,8.7,32.96,EN,"Imprisoned in the 1940s for the double murder of his wife and her lover, upstanding banker Andy Dufresne begins a new life at the Shawshank prison, where he puts his accounting skills to work for an amoral warden. During his long stretch in prison, Dufresne comes to be admired by the other inmates -- including an older prisoner named Red -- for his integrity and unquenchable sense of hope."
701387,Bugonia,2025-10-23,7.4,30.21,EN,"Two conspiracy obsessed young men kidnap the high-powered CEO of a major company, convinced that she is an alien intent on destroying planet Earth."
991494,The SpongeBob Movie: Search for SquarePants,2025-12-16,6.6,31.69,EN,"Desperate to be a big guy, SpongeBob sets out to prove his bravery to Mr. Krabs by following The Flying Dutchman – a mysterious swashbuckling ghost pirate – on a seafaring adventure that takes him to the deepest depths of the deep sea, where no Sponge has gone before."
238,The Godfather,1972-03-14,8.7,40.6,EN,"Spanning the years 1945 to 1955, a chronicle of the fictional Italian-American Corleone crime family. When organized crime family patriarch, Vito Corleone barely survives an attempt on his life, his youngest son, Michael steps in to take care of the would-be killers, launching a campaign of bloody revenge."
1291608,Dhurandhar,2025-12-05,6.6,31.52,HI,"After the hijacking of IC-814 in 1999 and the Parliament attack in 2001, India’s Intelligence Bureau Chief, Ajay Sanyal, devises an indomitable mission to intrude and rupture the terrorist network in Pakistan, by infiltrating the underworld mafia of Karachi with the help of a 20-year-old boy from Punjab, held captive for a revenge crime."
1194963,Noise,2025-06-25,6.2,30.53,KO,"Ju-young is a young woman with a hearing impediment who decides to investigate her sister's inexplicable disappearance, last seen in her apartment. Feeling more and more cornered, Ju-young begins to hear strange sounds and sense an evil presence in the apartment."
1309012,Altered,2025-09-18,6.0,30.21,EN,"In an alternate present, genetically enhanced humans dominate society. Outcasts Leon and Chloe fight for justice against corrupt politicians exploiting genetic disparity, risking everything to challenge the oppressive system."
1149167,High Rollers,2025-03-14,6.6,29.57,EN,"A master thief must pull off a dangerous casino heist when his nemesis kidnaps his lover. Caught between rival criminals and FBI pursuit, he risks all to save her and score big."
1211442,Rebuilding,2025-11-14,6.8,32.13,EN,"After wildfires take his ranch, a cowboy named Dusty winds up in a FEMA camp, finding community with others who lost homes, including his daughter and ex-wife."
597,Titanic,1997-12-18,7.9,29.49,EN,"101-year-old Rose DeWitt Bukater tells the story of her life aboard the Titanic, 84 years later. A young Rose boards the ship with her mother and fiancé. Meanwhile, Jack Dawson and Fabrizio De Rossi win third-class tickets aboard the ship. Rose tells the whole story from Titanic's departure through to its death—on its first and last voyage—on April 15, 1912."
1589891,A Time for Bravery,2025-12-18,7.6,29.64,ES,"A psychoanalyst on community service aids an agent shattered by infidelity; together, they will confront danger and discover second chances."
62201,Shahenshah,1988-01-29,6.4,30.32,HI,"Inspector Srivastav is framed by a wily and cunning gangster, J.K., and unable to prove his innocence, hangs himself, leaving behind his wife, and son, Vijay. Years later, Vijay has grown up and has joined the police force as an Inspector. Unlike his dad, he is corrupt and does accept bribes to turn a nelson's eye to crime. The City Police are assigned the task of apprehending a customed man called ""Shahenshah"", who operates at night and targets, tries and kills gangsters in a ""Judge and Executioner ""style. No one knows the real identity of Shahenshah, as he is feared by the police department, and respected by the poor and middle-class."
1214931,Nuremberg,2025-11-06,7.4,29.15,EN,"In postwar Germany, an American psychiatrist must determine whether Nazi prisoners are fit to go on trial for war crimes, and finds himself in a complex battle of intellect and ethics with Hermann Göring, Hitler's right-hand man."
9416,Money Talks,1997-08-22,6.0,19.61,EN,"Sought by police and criminals, a small-time huckster makes a deal with a TV newsman for protection."
1217602,London Calling,2025-09-18,6.9,28.9,EN,"After fleeing the UK from a job gone wrong, a down on his luck hitman is forced to babysit the son of his new crime boss and show him how to become a man."
1003596,Avengers: Doomsday,2026-12-16,0.0,28.12,EN,"The Avengers, Wakandans, Fantastic Four, Thunderbolts, and X-Men all fight against Doctor Doom. Plot TBA."
299536,Avengers: Infinity War,2018-04-25,8.2,28.63,EN,"As the Avengers and their allies have continued to protect the world from threats too large for any one hero to handle, a new danger has emerged from the cosmic shadows: Thanos. A despot of intergalactic infamy, his goal is to collect all six Infinity Stones, artifacts of unimaginable power, and use them to inflict his twisted will on all of reality. Everything the Avengers have fought for has led up to this moment - the fate of Earth and existence itself has never been more uncertain."
541671,Ballerina,2025-06-04,7.3,28.42,EN,"Taking place during the events of John Wick: Chapter 3 – Parabellum, Eve Macarro begins her training in the assassin traditions of the Ruska Roma."
38757,Tangled,2010-11-24,7.6,25.91,EN,"Feisty teenager Rapunzel, who has long and magical hair, wants to go and see sky lanterns on her eighteenth birthday, but she's bound to a tower by her overprotective mother. She strikes a deal with Flynn Rider, a charming wanted thief, and the duo set off on an action-packed escapade."
120,The Lord of the Rings: The Fellowship of the Ring,2001-12-18,8.4,28.98,EN,"Young hobbit Frodo Baggins, after inheriting a mysterious ring from his uncle Bilbo, must leave his home in order to keep it from falling into the hands of its evil creator. Along the way, a fellowship is formed to protect the ringbearer and make sure that the ring arrives at its final destination: Mt. Doom, the only place where it can be destroyed."
27205,Inception,2010-07-15,8.4,27.84,EN,"Cobb, a skilled thief who commits corporate espionage by infiltrating the subconscious of his targets is offered a chance to regain his old life as payment for a task considered to be impossible: ""inception"", the implantation of another person's idea into a target's subconscious."
1206083,Conjuring Tapes,2025-04-10,5.1,27.51,EN,"While sorting through their late friend's belongings, two women discover VHS tapes showing them in haunting, unfamiliar scenes, each one drawing them into the grasp of a mysterious, malevolent entity."
1103437,Please Don't Feed the Children,2025-07-03,6.3,26.34,EN,"After a viral outbreak ravaged the country’s adult population, a group of orphans heads south in search of a new life, only to find themselves at the mercy of a deranged woman harboring a dangerous secret."
1495694,Beauty from Pain,2025-12-18,7.3,26.29,EN,"After a devastating heartbreak, an aspiring musician escapes to Australia. She agrees to a no-strings romance with a billionaire winemaker, but when she falls in love she must choose to walk away or risk her heart on a man afraid to love."
1100988,28 Years Later,2025-06-18,6.6,29.56,EN,"Twenty-eight years after the Rage virus outbreak, Britain remains sealed off from the world. A fortified island community survives in isolation—until a young boy’s journey to the mainland reveals how both the infected and the survivors have evolved."
1584215,The Internship,2026-01-13,7.1,32.95,EN,"A CIA-trained assassin recruits other graduates from her secret childhood program, The Internship, to violently destroy the organization. The CIA fights back with deadly force."
950396,The Gorge,2025-02-13,7.6,29.34,EN,"Two highly trained operatives grow close from a distance after being sent to guard opposite sides of a mysterious gorge. When an evil below emerges, they must work together to survive what lies within."
524047,Greenland,2020-07-29,7.1,25.59,EN,"John Garrity, his estranged wife and their young son embark on a perilous journey to find sanctuary as a planet-killing comet hurtles toward Earth. Amid terrifying accounts of cities getting levelled, the Garritys experience the best and worst in humanity. As the countdown to the global apocalypse approaches zero, their incredible trek culminates in a desperate and last-minute flight to a possible safe haven."
533535,Deadpool & Wolverine,2024-07-24,7.6,27.38,EN,"A listless Wade Wilson toils away in civilian life with his days as the morally flexible mercenary, Deadpool, behind him. But when his homeworld faces an existential threat, Wade must reluctantly suit-up again with an even more reluctant Wolverine."
496243,Parasite,2019-05-30,8.5,25.84,KO,"All unemployed, Ki-taek's family takes peculiar interest in the wealthy and glamorous Parks for their livelihood until they get entangled in an unexpected incident."
1511789,Captain Hook: The Cursed Tides,2025-07-11,5.0,26.08,EN,"In the aftermath of a devastating defeat by his archnemesis Admiral Smee, Captain Hook finds refuge in the coastal town of Eldritch Landing."
1523145,Your Heart Will Be Broken,2026-03-05,0.0,26.71,RU,"High school student Polina is saved from bullying at her new school and makes a deal with the main bully Bars: he must pretend to be her boyfriend and protect her, and she must do everything he says. During this game, the couple develops real feelings, but her family and classmates have reasons to separate the lovers."
1287141,Pillion,2025-11-28,7.4,26.7,EN,"A timid man is swept off his feet when an enigmatic, impossibly handsome biker takes him on as his submissive."
1063875,Miss Violet,2024-11-06,7.0,26.18,FR,"France. End of the 19th century. Louise Violet  40, a Parisian teacher, is sent on a mission to the French countryside. But in a place where the daily life is linked to the seasons, land and crops, she must first convince parents to send their kids to school. With the help of the mayor, she is gradually accepted by the parents and their children. But soon, her past catches up with her. Despite the obstacles she faces, Miss Violet will give her heart and soul to her belief that education is the key to freedom."
1422096,Good Boy,2025-10-01,6.7,26.15,EN,"A loyal dog moves to a rural family home with his owner Todd, only to discover supernatural forces lurking in the shadows. As dark entities threaten his human companion, the brave pup must fight to protect the one he loves most."
122,The Lord of the Rings: The Return of the King,2003-12-17,8.5,26.1,EN,"As armies mass for a final battle that will decide the fate of the world--and powerful, ancient forces of Light and Dark compete to determine the outcome--one member of the Fellowship of the Ring is revealed as the noble heir to the throne of the Kings of Men. Yet, the sole hope for triumph over evil lies with a brave hobbit, Frodo, who, accompanied by his loyal friend Sam and the hideous, wretched Gollum, ventures deep into the very dark heart of Mordor on his seemingly impossible quest to destroy the Ring of Power.​"
1197306,A Working Man,2025-03-26,6.7,26.09,EN,"Levon Cade left behind a decorated military career in the black ops to live a simple life working construction. But when his boss's daughter, who is like family to him, is taken by human traffickers, his search to bring her home uncovers a world of corruption far greater than he ever could have imagined."
1038392,The Conjuring: Last Rites,2025-09-03,6.9,25.96,EN,Paranormal investigators Ed and Lorraine Warren take on one last terrifying case involving mysterious entities they must confront.
1309129,Diabolical,2025-09-29,7.0,25.75,NL,"Jessica grew up with a mother plagued by inexplicable psychological issues. Years later, Jessica begins to experience the same disturbing symptoms and she starts to suspect that the cause isn't psychological but something evil."
155,The Dark Knight,2008-07-16,8.5,25.68,EN,"Batman raises the stakes in his war on crime. With the help of Lt. Jim Gordon and District Attorney Harvey Dent, Batman sets out to dismantle the remaining criminal organizations that plague the streets. The partnership proves to be effective, but they soon find themselves prey to a reign of chaos unleashed by a rising criminal mastermind known to the terrified citizens of Gotham as the Joker."
1259102,Eternity,2025-11-26,7.1,25.53,EN,"In an afterlife where souls have one week to decide where to spend eternity, Joan is faced with the impossible choice between the man she spent her life with and her first love, who died young and has waited decades for her to arrive."
1354700,The Ghost Game,2025-08-06,6.9,25.47,KO,"Aspiring YouTuber Gi-ho stages a fake seance for viral content, but Ja-young joins, seeking her missing sister Seo-woo. In an underground cistern, Seo-woo volunteers as the ""possessed,"" but when she collapses, terror unfolds. Trapped with sinister forces, the students face a deadly fate, leading to a shocking twist."
808,Shrek,2001-05-18,7.8,25.47,EN,"It ain't easy bein' green -- especially if you're a likable (albeit smelly) ogre named Shrek. On a mission to retrieve a gorgeous princess from the clutches of a fire-breathing dragon, Shrek teams up with an unlikely compatriot -- a wisecracking donkey."
950387,A Minecraft Movie,2025-03-31,6.3,25.27,EN,"Four misfits find themselves struggling with ordinary problems when they are suddenly pulled through a mysterious portal into the Overworld: a bizarre, cubic wonderland that thrives on imagination. To get back home, they'll have to master this world while embarking on a magical quest with an unexpected, expert crafter, Steve."
1220564,The Secret Agent,2025-07-23,7.9,25.16,PT,"In 1977 Brazil, technology specialist Marcelo, fleeing a mysterious past, returns to Recife in search of peace, but realizes the city is far from the refuge he seeks."
1078605,Weapons,2025-08-04,7.3,25.12,EN,"When all but one child from the same class mysteriously vanish on the same night at exactly the same time, a community is left questioning who or what is behind their disappearance."
567609,Ready or Not,2019-08-21,7.0,25.08,EN,A young bride's wedding night turns into her worst nightmare when her ridiculously rich in-laws force her to play a gruesome game of hide-and-seek.
1197137,Black Phone 2,2025-10-15,6.8,25.07,EN,"Four years after escaping The Grabber, Finney Blake is struggling with his life after captivity. When his sister Gwen begins receiving calls in her dreams from the black phone and seeing disturbing visions of three boys being stalked at a winter camp, the siblings become determined to solve the mystery and confront a killer who has grown more powerful in death and more significant to them than either could imagine."
1033148,Die My Love,2025-10-06,6.2,24.99,EN,"After inheriting a remote Montana house, Jackson moves there from New York with his partner Grace, and the couple soon welcome a child. As Jackson becomes increasingly absent and rural isolation sets in, Grace struggles with loneliness, creative frustration, and unresolved emotional wounds. What begins as an attempt at renewal gradually turns into an intense psychological descent, placing strain on their relationship and exposing the fragile balance between love, identity, and motherhood."
680,Pulp Fiction,1994-09-10,8.5,24.92,EN,"A burger-loving hit man, his philosophical partner, a drug-addled gangster's moll and a washed-up boxer converge in this sprawling, comedic crime caper. Their adventures unfurl in three stories that ingeniously trip back and forth in time."
1248226,Playdate,2025-11-05,6.1,24.65,EN,"When out-of-work accountant Brian joins stay-at-home dad Jeff for a playdate with their sons, he expects a laid-back afternoon. Instead, they're chased by mercenaries, and Brian—totally unprepared—must survive one absurd obstacle after another."
1295026,100 METERS,2025-09-19,7.7,24.57,JA,"A gifted runner trains a determined but unskilled classmate, unaware he's creating a rival who will challenge him on the track for years to come."
569094,Spider-Man: Across the Spider-Verse,2023-05-31,8.3,22.84,EN,"After reuniting with Gwen Stacy, Brooklyn’s full-time, friendly neighborhood Spider-Man is catapulted across the Multiverse, where he encounters the Spider Society, a team of Spider-People charged with protecting the Multiverse's very existence. But when the heroes clash on how to handle a new threat, Miles finds himself pitted against the other Spiders and must set out on his own to save those he loves most."
402431,Wicked,2024-10-16,6.9,23.52,EN,"In the land of Oz, ostracized and misunderstood green-skinned Elphaba is forced to share a room with the popular aristocrat Glinda at Shiz University, and the two's unlikely friendship is tested as they begin to fulfill their respective destinies as Glinda the Good and the Wicked Witch of the West."
671,Harry Potter and the Philosopher's Stone,2001-11-16,7.9,24.84,EN,"Harry Potter has lived under the stairs at his aunt and uncle's house his whole life. But on his 11th birthday, he learns he's a powerful wizard—with a place waiting for him at the Hogwarts School of Witchcraft and Wizardry. As he learns to harness his newfound powers with the help of the school's kindly headmaster, Harry uncovers the truth about his parents' deaths—and about the villain who's to blame."
24748,Hud,1963-05-28,7.3,15.09,EN,"Hud Bannon is a ruthless young man who tarnishes everything and everyone he touches. Hud represents the perfect embodiment of alienated youth, out for kicks with no regard for the consequences. There is bitter conflict between the callous Hud and his stern and highly principled father, Homer. Hud's nephew Lon admires Hud's cheating ways, though he soon becomes too aware of Hud's reckless amorality to bear him anymore. In the world of the takers and the taken, Hud is a winner. He's a cheat, but, he explains, ""I always say the law was meant to be interpreted in a lenient manner."""
1469354,Border Hunters,2025-10-20,6.6,22.87,EN,"After his police officer brother is killed by a drug dealer who flees to the protection of his cartel-connected uncle in Mexico, an American man with a diverse law enforcement/military background goes south of the border to get revenge"
634649,Spider-Man: No Way Home,2021-12-15,7.9,24.22,EN,"Peter Parker is unmasked and no longer able to separate his normal life from the high-stakes of being a super-hero. When he asks for help from Doctor Strange the stakes become even more dangerous, forcing him to discover what it truly means to be Spider-Man."
1241742,EKS,2024-03-01,3.2,24.93,TL,"Three compelling stories in one erotic experience. Yen Durano plays three different women in three titillating stories. In a collaboration of three directors: Roman Perez, Jr., Sigrid Polon, and Omar Deroca."
346364,It,2017-09-06,7.2,22.13,EN,"In a small town in Maine, seven children known as The Losers Club come face to face with life problems, bullies and a monster that takes the shape of a clown called Pennywise."
354912,Coco,2017-10-27,8.2,23.63,EN,"Despite his family’s baffling generations-old ban on music, Miguel dreams of becoming an accomplished musician like his idol, Ernesto de la Cruz. Desperate to prove his talent, Miguel finds himself in the stunning and colorful Land of the Dead following a mysterious chain of events. Along the way, he meets charming trickster Hector, and together, they set off on an extraordinary journey to unlock the real story behind Miguel's family history."
23527,First Squad: The Moment of Truth,2009-05-13,6.2,22.25,RU,Set during the opening days of World War II on the Eastern Front. Its main cast are a group of Soviet teenagers with extraordinary abilities; the teenagers have been drafted to form a special unit to fight the invading German army. They are opposed by a Schutzstaffel officer who is attempting to raise from the dead a supernatural army of crusaders from the 12th-century Order of the Sacred Cross.
872585,Oppenheimer,2023-07-19,8.0,24.34,EN,The story of J. Robert Oppenheimer's role in the development of the atomic bomb during World War II.
552524,Lilo & Stitch,2025-05-17,7.2,23.84,EN,The wildly funny and touching story of a lonely Hawaiian girl and the fugitive alien who helps to mend her broken family.
574475,Final Destination Bloodlines,2025-05-14,7.1,22.6,EN,"Plagued by a violent recurring nightmare, college student Stefanie heads home to track down the one person who might be able to break the cycle and save her family from the grisly demise that inevitably awaits them all."
1010756,The Strangers: Chapter 2,2025-09-25,6.0,22.53,EN,"When The Strangers learn that one of their victims, Maya, is still alive, they return to finish what they’ve started."
1147266,You Will Die in 6 Hours,2024-10-16,6.4,22.44,KO,"Jung-yoon was approached by a random stranger named Jun-woo, who told her she'd be dead in six hours. As she follows him for answers, she begins to question whether he's her savior or the one trying to put her in danger."
1022789,Inside Out 2,2024-06-11,7.5,22.07,EN,"Teenager Riley's mind headquarters is undergoing a sudden demolition to make room for something entirely unexpected: new Emotions! Joy, Sadness, Anger, Fear and Disgust, who’ve long been running a successful operation by all accounts, aren’t sure how to feel when Anxiety shows up. And it looks like she’s not alone."
1578018,Bendito corazón,2025-11-10,0.0,21.78,ES,
1298727,The Volunteers: The Battle of Life and Death,2024-09-30,6.1,19.73,ZH,"The movie focuses on the battle of Cheolwon, where the 63rd Army of the Chinese People's Volunteer Army (CPVA) was ordered to enter the battlefield of Cheolwon in May 1951, just after a month-long battle, to fight against four divisions of the United Nations Army (UNA). The volunteers fought with bloodshed and finally brought the enemy to the negotiation table."
438631,Dune,2021-09-15,7.8,22.4,EN,"Paul Atreides, a brilliant and gifted young man born into a great destiny beyond his understanding, must travel to the most dangerous planet in the universe to ensure the future of his family and his people. As malevolent forces explode into conflict over the planet's exclusive supply of the most precious resource in existence-a commodity capable of unlocking humanity's greatest potential-only those who can conquer their fear will survive."
129,Spirited Away,2001-07-20,8.5,20.95,JA,"A young girl, Chihiro, becomes trapped in a strange new world of spirits. When her parents undergo a mysterious transformation, she must call upon the courage she never knew she had to free her family."
1304625,Bear Claw Camp,2025-08-29,5.1,20.48,ES,"An adventure with brave children, a talking skunk, and a villain with too much cement on his head, Maia and Jan, our protagonists, have one mission: to save the summer camp."
296096,Me Before You,2016-06-01,7.9,23.25,EN,"Lou Clark, a directionless 26-year-old from the English countryside, takes a job at the local castle as a caregiver and companion to a wealthy young banker, Will Traynor. Wheelchair-bound from an accident two years prior, the once adventurous Will has all but given up — that is until Lou determines to show him that life is worth living."
1306368,The Rip,2026-01-15,7.0,28.75,EN,"After a team of Miami cops discovers millions in cash inside a derelict stash house, trust frays as everything — and everyone — is called into question."
13,Forrest Gump,1994-06-23,8.5,21.02,EN,"A man with a low IQ has accomplished great things in his life and been present during significant historic events—in each case, far exceeding what anyone imagined he could do. But despite all he has achieved, his one true love eludes him."
1241982,Moana 2,2024-11-21,7.0,22.44,EN,"After receiving an unexpected call from her wayfinding ancestors, Moana journeys alongside Maui and a new crew to the far seas of Oceania and into dangerous, long-lost waters for an adventure unlike anything she's ever faced."
80278,The Impossible,2012-09-09,7.4,20.24,EN,"In December 2004, close-knit family Maria, Henry and their three sons begin their winter vacation in Thailand. But the day after Christmas, the idyllic holiday turns into an incomprehensible nightmare when a terrifying roar rises from the depths of the sea, followed by a wall of black water that devours everything in its path. Though Maria and her family face their darkest hour, unexpected displays of kindness and courage ameliorate their terror."
495764,Birds of Prey (and the Fantabulous Emancipation of One Harley Quinn),2020-02-05,6.9,26.72,EN,"Harley Quinn joins forces with a singer, an assassin and a police detective to help a young girl who had a hit placed on her after she stole a rare diamond from a crime lord."
650524,Back to the Past,2025-12-31,7.6,20.63,CN,"In the Qin Dynasty, time-traveller Hong Siu-lung has lived in seclusion with his family for twenty years. Yet every step he takes remains under the watchful eye of his former disciple, now the Qin Emperor. On the brink of ultimate power after conquering the six warring states, the emperor is suddenly ambushed by a mysterious team wielding advanced weapons clearly originating from Hong’s time. Drawn together by fate again, Hong and Qin Emperor are forced to confront the long-buried conflict between them, because the future now depends on how they settle their past."
1035259,The Naked Gun,2025-07-30,6.4,21.74,EN,"Only one man has the particular set of skills... to lead Police Squad and save the world: Lt. Frank Drebin Jr. Following in his father's footsteps, he must solve a murder case to prevent Police Squad from closure."
424649,Model for Murder: The Centerfold Killer,2016-06-21,4.6,18.62,EN,"Supermodels compete for a coveted centerfold spread as a merciless killer stalks the glamorous women. Meanwhile, two detectives attempt to unravel the mystery before the body count mounts."
346698,Barbie,2023-07-19,6.9,19.86,EN,"Barbie and Ken are having the time of their lives in the colorful and seemingly perfect world of Barbie Land. However, when they get a chance to go to the real world, they soon discover the joys and perils of living among humans."
889737,Joker: Folie à Deux,2024-10-01,5.4,18.69,EN,"While struggling with his dual identity, Arthur Fleck not only stumbles upon true love, but also finds the music that's always been inside him."
603,The Matrix,1999-03-31,8.2,22.33,EN,"Set in the 22nd century, The Matrix tells the story of a computer hacker who joins a group of underground insurgents fighting the vast and powerful computers who now rule the earth."
447273,Snow White,2025-03-19,4.3,32.84,EN,"Following the benevolent King's disappearance, the Evil Queen dominated the once fair land with a cruel streak. Princess Snow White flees the castle when the Queen, in her jealousy over Snow White's inner beauty, tries to kill her. Deep into the dark woods, she stumbles upon seven magical dwarves and a young bandit named Jonathan. Together, they strive to survive the Queen's relentless pursuit and aspire to take back the kingdom."
1327862,Regretting You,2025-10-22,7.0,20.06,EN,"Morgan Grant and her daughter Clara explore what's left behind after a devastating accident reveals a shocking betrayal and forces them to confront family secrets, redefine love, and rediscover each other."
121,The Lord of the Rings: The Two Towers,2002-12-18,8.4,20.69,EN,"Frodo Baggins and the other members of the Fellowship continue on their sacred quest to destroy the One Ring--but on separate paths. Their destinies lie at two towers--Orthanc Tower in Isengard, where the corrupt wizard Saruman awaits, and Sauron's fortress at Barad-dur, deep within the dark lands of Mordor. Frodo and Sam are trekking to Mordor to destroy the One Ring of Power while Gimli, Legolas and Aragorn search for the orc-captured Merry and Pippin. All along, nefarious wizard Saruman awaits the Fellowship members at the Orthanc Tower in Isengard."
1196573,She Rides Shotgun,2025-07-31,7.1,20.99,EN,"Newly released from prison and marked for death by unrelenting enemies, Nate must now protect his estranged 11-year-old daughter, Polly, at all costs. With scant resources and no one to trust, Nate and Polly forge a bond under fire as he shows her how to fight and survive—and she teaches him the true meaning of unconditional love."
972119,Making Of,2024-01-10,5.7,18.06,FR,"Simon, a well-known French filmmaker, starts shooting his next film. A story about workers fighting to protect their factory from being relocated. But nothing goes as planned... His producer Viviane wants to rewrite the ending and is threatening to cut the budget; his own crew goes on strike; his personal life is in shambles; and to make things worse, his lead actor Alain is an egocentric jerk. Joseph, an extra who wants to get into the film industry, agrees to direct the making of and shoot the behind-the-scenes. He takes his role very seriously and starts following around the crew, capturing all this mess... What follows is proof that the making of can sometimes be far better than the film itself!"
79871,Crazy Love,1993-04-17,6.3,21.9,CN,"What was supposed to be summer school in England becomes an adventurous exotic and romantic journey for a beautiful teenage girl. [from the Tai Seng Catalog] A nice story of a free-sprited (or, depending on your viewpoint, prick-teasing) young woman on a short journey of discovery."
507089,Five Nights at Freddy's,2023-10-25,7.4,18.99,EN,"Recently fired and desperate for work, a troubled young man named Mike agrees to take a position as a night security guard at an abandoned theme restaurant: Freddy Fazbear's Pizzeria. But he soon discovers that nothing at Freddy's is what it seems."
372058,Your Name.,2016-08-26,8.5,20.43,JA,"High schoolers Mitsuha and Taki are complete strangers living separate lives. But one night, they suddenly switch places. Mitsuha wakes up in Taki’s body, and he in hers. This bizarre occurrence continues to happen randomly, and the two must adjust their lives around each other."
1215106,Ko Ga Loak Village,2025-11-06,3.8,21.13,TH,"A wave of chilling serial murders emerges, marked by the gruesome decay of male victims' secret part. As the police investigate, they confront eerie local myths and dark secrets."
1124566,Sentimental Value,2025-08-20,7.6,20.28,NO,"Sisters Nora and Agnes reunite with their estranged father, the charismatic Gustav, a once-renowned director who offers stage actress Nora a role in what he hopes will be his comeback film. When Nora turns it down, she soon discovers he has given her part to an eager young Hollywood star."
1242419,Roofman,2025-10-08,7.2,19.74,EN,"A former Army Ranger and struggling father turns to robbing McDonald’s restaurants by cutting holes in their roofs, earning him the nickname ""Roofman."" After escaping prison, he secretly lives inside a Toys “R” Us for six months, surviving undetected while planning his next move. But when he falls for a divorced mom drawn to his undeniable charm, his double life begins to unravel, setting off a compelling and suspenseful game of cat and mouse as his past closes in."
1175942,The Bad Guys 2,2025-07-24,7.7,20.42,EN,"The now-reformed Bad Guys are trying (very, very hard) to be good, but instead find themselves hijacked into a high-stakes, globe-trotting heist, masterminded by a new team of criminals they never saw coming: The Bad Girls."
299534,Avengers: Endgame,2019-04-24,8.2,19.24,EN,"After the devastating events of Avengers: Infinity War, the universe is in ruins due to the efforts of the Mad Titan, Thanos. With the help of remaining allies, the Avengers must assemble once more in order to undo Thanos' actions and restore order to the universe once and for all, no matter what consequences may be in store."
238215,The Cobbler,2014-09-11,5.9,13.87,EN,"Max Simkin repairs shoes in the same New York shop that has been in his family for generations. Disenchanted with the grind of daily life, Max stumbles upon a magical heirloom that allows him to step into the lives of his customers and see the world in a new way. Sometimes walking in another man's shoes is the only way one can discover who they really are."
1237601,Papers,2025-04-10,6.8,16.99,ES,"Trapped in the middle of the world-shaking Panama Papers scandal, Ana Mendez must fight the system, the global media and her own ethical compass to try to restore her reputation and save her family."
986056,Thunderbolts*,2025-04-30,7.3,21.6,EN,"After finding themselves ensnared in a death trap, seven disillusioned castoffs must embark on a dangerous mission that will force them to confront the darkest corners of their pasts."
1477388,Sex On Phone,2025-06-27,7.0,20.96,TL,"Amanda, compelled to make ends meet, gets employed in a confidential call center where she fulfills the desires of her callers. When her husband finds out about her odd job, things become chaotic."
1726,Iron Man,2008-04-30,7.7,19.4,EN,"After being held captive in an Afghan cave, billionaire engineer Tony Stark creates a unique weaponized suit of armor to fight evil."
674,Harry Potter and the Goblet of Fire,2005-11-16,7.8,18.79,EN,"When Harry Potter's name emerges from the Goblet of Fire, he becomes a competitor in a grueling battle for glory among three wizarding schools—the Triwizard Tournament. But since Harry never submitted his name for the Tournament, who did? Now Harry must confront a deadly dragon, fierce water demons and an enchanted maze only to find himself in the cruel grasp of He Who Must Not Be Named."
497,The Green Mile,1999-12-10,8.5,19.36,EN,"A supernatural tale set on death row in a Southern prison, where gentle giant John Coffey possesses the mysterious power to heal people's ailments. When the cell block's head guard, Paul Edgecomb, recognizes Coffey's miraculous gift, he tries desperately to help stave off the condemned man's execution."
1379963,Tell Me Softly,2025-12-11,6.3,18.66,ES,"Kamila has everything under control: studies, social life, her image... Everything except the unexpected return of her neighbors, the Di Bianco brothers, after seven years of absence. Thiago stole her first kiss, and Taylor was her best friend, but now their return will turn Kami's world upside down. Can the three overcome the past that binds them? Or will everything explode into pieces once again?"
361743,Top Gun: Maverick,2022-05-21,8.2,19.01,EN,"After more than thirty years of service as one of the Navy’s top aviators, and dodging the advancement in rank that would ground him, Pete “Maverick” Mitchell finds himself training a detachment of TOP GUN graduates for a specialized mission the likes of which no living pilot has ever seen."
1007734,Nobody 2,2025-08-13,7.0,20.16,EN,"Former assassin Hutch Mansell takes his family on a nostalgic vacation to a small-town theme park, only to be pulled back into violence when they clash with a corrupt operator, a crooked sheriff, and a ruthless crime boss."
10138,Iron Man 2,2010-04-28,6.8,20.31,EN,"With the world now aware of his dual life as the armored superhero Iron Man, billionaire inventor Tony Stark faces pressure from the government, the press and the public to share his technology with the military. Unwilling to let go of his invention, Stark, with Pepper Potts and James 'Rhodey' Rhodes at his side, must forge new alliances – and confront powerful enemies."
122917,The Hobbit: The Battle of the Five Armies,2014-12-10,7.3,19.96,EN,"Following Smaug's attack on Laketown, Bilbo and the dwarves try to defend Erebor's mountain of treasure from others who claim it: the men of the ruined Laketown and the elves of Mirkwood. Meanwhile an army of Orcs led by Azog the Defiler is marching on Erebor, fueled by the rise of the dark lord Sauron. Dwarves, elves and men must unite, and the hope for Middle-Earth falls into Bilbo's hands."
2757,Adaptation.,2002-12-06,7.3,14.49,EN,"Charlie Kaufman is a confused L.A. screenwriter overwhelmed by feelings of inadequacy, sexual frustration, self-loathing, and by the screenwriting ambitions of his freeloading twin brother Donald. While struggling to adapt ""The Orchid Thief,"" by Susan Orlean, Kaufman's life spins from pathetic to bizarre. The lives of Kaufman, Orlean's book, become strangely intertwined as each one's search for passion collides with the others'."
949709,High Forces,2024-09-29,6.0,18.73,ZH,"""Anyone? There is ......"" A mysterious message from Gao Haojun comes from ten thousand meters in the air. A five-star A380 ultra-luxury airliner was hijacked on its international maiden voyage, and international security expert Gao Haojun stood up to a group of thugs, his daughter Xiaojun was trapped in the cabin, and Mike, the leader of the hijackers, threatened the lives of more than 800 people in the plane as a bargaining chip, and Xiaojun's mother, Fu Yuan, was also in danger. ...... Will the passengers on board be able to land safely and how should this crisis be resolved?"
1286185,The Carpenter's Son,2025-11-13,5.3,18.17,EN,"A remote village in Roman-era Egypt explodes into spiritual warfare when a carpenter, his wife and their child are targeted by supernatural forces."
507671,La mossa del cavallo,2018-02-26,7.6,16.46,IT,"Montelusa, Sicily, Italy, 1877. Giovanni Bovara, the new chief inspector of the mills, is charged with collecting a severe tax. Sicilian by birth, but Ligurian by adoption, he reasons and speaks as a man of northern Italy and does not understand the dynamics of the law of silence that regulate the Sicilian land, so his intransigence immediately gives him several enemies…"
519182,Despicable Me 4,2024-06-20,7.0,18.56,EN,"Gru and Lucy and their girls—Margo, Edith and Agnes—welcome a new member to the Gru family, Gru Jr., who is intent on tormenting his dad. Gru also faces a new nemesis in Maxime Le Mal and his femme fatale girlfriend Valentina, forcing the family to go on the run."
385687,Fast X,2023-05-17,7.0,19.31,EN,"Over many missions and against impossible odds, Dom Toretto and his family have outsmarted, out-nerved and outdriven every foe in their path. Now, they confront the most lethal opponent they've ever faced: A terrifying threat emerging from the shadows of the past who's fueled by blood revenge, and who is determined to shatter this family and destroy everything—and everyone—that Dom loves, forever."
615453,Ne Zha,2019-07-26,7.9,19.57,ZH,"A young boy is born as the reincarnation of a demonic power, into a society that hates and fears him. Destined by prophecy to bring destruction to the world, Nezha must choose between good and evil to see if he can change his fate."
1302017,Uhaw,2024-09-13,4.4,18.37,TL,A wife learns that her husband who's in coma had an affair. She confronts the other woman but instead finds solace in her. She then realizes she's falling for her husband's mistress.
672,Harry Potter and the Chamber of Secrets,2002-11-13,7.7,19.23,EN,"Cars fly, trees fight back, and a mysterious house-elf comes to warn Harry Potter at the start of his second year at Hogwarts. Adventure and danger await when bloody writing on a wall announces: The Chamber Of Secrets Has Been Opened. To save Hogwarts will require all of Harry, Ron and Hermione's magical abilities and courage."
1128650,The Prosecutor,2024-12-08,6.9,17.22,CN,"A poor young man is wrongly charged with drug trafficking after being deceived. An ex-prosecutor investigates the case, uncovers a corrupt lawyer team's scheme, and restores justice despite obstruction from evil forces."
693134,Dune: Part Two,2024-02-27,8.1,19.67,EN,"Follow the mythic journey of Paul Atreides as he unites with Chani and the Fremen while on a path of revenge against the conspirators who destroyed his family. Facing a choice between the love of his life and the fate of the known universe, Paul endeavors to prevent a terrible future only he can foresee."
673,Harry Potter and the Prisoner of Azkaban,2004-05-31,8.0,19.85,EN,"Year three at Hogwarts means new fun and challenges as Harry learns the delicate art of approaching a Hippogriff, transforming shape-shifting Boggarts into hilarity and even turning back time. But the term also brings danger: soul-sucking Dementors hover over the school, an ally of the accursed He-Who-Cannot-Be-Named lurks within the castle walls, and fearsome wizard Sirius Black escapes Azkaban. And Harry will confront them all."
957119,Sidelined: The QB and Me,2025-02-06,6.3,18.3,EN,"Dallas, a burdened but headstrong dancer, is determined to get into the best dance school in the country—her late mother’s alma mater. However, that dream is suddenly derailed when the cheeky yet secretly grieving football star, Drayton, crashes into her life with a unique story of his own. Will the two of them be able to grow into their dreams together, or will their dreams be sidelined?"
1022787,Elio,2025-06-18,7.0,18.67,EN,"Elio, a space fanatic with an active imagination, finds himself on a cosmic misadventure where he must form new bonds with eccentric alien lifeforms, navigate a crisis of intergalactic proportions and somehow discover who he is truly meant to be."
11,Star Wars,1977-05-25,8.2,18.78,EN,Princess Leia is captured and held hostage by the evil Imperial forces in their effort to take over the galactic Empire. Venturesome Luke Skywalker and dashing captain Han Solo team together with the loveable robot duo R2-D2 and C-3PO to rescue the beautiful princess and restore peace and justice in the Empire.
939243,Sonic the Hedgehog 3,2024-12-19,7.6,20.86,EN,"Sonic, Knuckles, and Tails reunite against a powerful new adversary, Shadow, a mysterious villain with powers unlike anything they have faced before. With their abilities outmatched in every way, Team Sonic must seek out an unlikely alliance in hopes of stopping Shadow and protecting the planet."
482600,Japanese Mom,2017-02-09,6.6,18.55,KO,"""Innocent face, D-cup breasts and perfect intercourse skills! Son, this is not your girlfriend anymore but your mother!""  Ki-ho brings Yuki from Japan to marry her. However, he starts cheating on her with his ex-girlfriend in Korea.  Min-cheol comforted Yuki and thought of her as his daughter-in-law, but one day he realizes he is looking at her as a woman.  In the end, Yuki and Min-cheol have intercourse without Ki-ho knowing..."
1119090,I Am Frankelda,2025-10-23,8.4,18.07,ES,"Frankelda, a frustrated young Mexican writer from the 19th Century, travels in the form of a ghost to a kingdom of her own invention inhabited by Spooks, which are all the monstrous characters she created in her horror tales. Her guide is Herneval, the Prince of Spooks, who takes her to help him save the balance between the Realm of Fiction and the Realm of Existence by using her talent as a writer."
18,The Fifth Element,1997-05-02,7.6,18.87,FR,"In 2257, a taxi driver is unintentionally given the task of saving a young girl who is part of the key that will ensure the survival of humanity."
338969,The Toxic Avenger Unrated,2025-08-28,6.1,18.1,EN,"When a downtrodden janitor, Winston Gooze, is exposed to a catastrophic toxic accident, he’s transformed into a new kind of hero: The Toxic Avenger. Now, Toxie must rise from outcast to savior, taking on ruthless corporate overlords and corrupt forces who threaten his son, his friends, and his community."
348,Alien,1979-05-25,8.2,17.88,EN,"During its return to the earth, commercial spaceship Nostromo intercepts a distress signal from a distant planet. When a three-member team of the crew discovers a chamber containing thousands of eggs on the planet, a creature inside one of the eggs attacks an explorer. The entire crew is unaware of the impending nightmare set to descend upon them when the alien parasite planted inside its unfortunate host is birthed."
16172,Simply Irresistible,1999-02-05,5.4,11.68,EN,"After her mother's death, mediocre chef Amanda Shelton is having trouble attracting customers to her family's restaurant. While shopping for ingredients, she is given a magical crab by mysterious Gene O'Reilly. Afterward, Amanda's dishes suddenly become excellent, inducing strong emotional reactions in everyone who eats them. Tom Bartlett, who is preparing to open his own eatery, tries her cooking and falls in love."
822119,Captain America: Brave New World,2025-02-12,6.0,18.74,EN,"After meeting with newly elected U.S. President Thaddeus Ross, Sam finds himself in the middle of an international incident. He must discover the reason behind a nefarious global plot before the true mastermind has the entire world seeing red."
106646,The Wolf of Wall Street,2013-12-25,8.0,18.67,EN,"A New York stockbroker refuses to cooperate in a large securities fraud case involving corruption on Wall Street, corporate banking world and mob infiltration. Based on Jordan Belfort's autobiography."
1257009,Primitive War,2025-08-21,6.8,15.78,EN,"During the Vietnam War, a recon unit ventures to an isolated jungle valley to uncover the fate of a missing platoon. They soon find themselves in a fight for their lives against an unexpected enemy — prehistoric dinosaurs."
1156594,Our Fault,2025-10-15,7.4,18.34,ES,"Jenna and Lion's wedding brings about the long-awaited reunion between Noah and Nick after their breakup. Nick's inability to forgive Noah stands as an insurmountable barrier. He, heir to his grandfather's businesses, and she, starting her professional life, resist fueling a flame that's still alive. But now that their paths have crossed again, will love be stronger than resentment?"
427424,Nurse Diary: Beast Afternoon,1982-02-05,5.0,13.21,JA,"A doctor develops a new scientific breakthrough in female psychotherapy with the discovery of the “Dream Ring,” a device that is inserted into a woman to record her thoughts and dreams. But, one dark and stormy night, the doctor and his assistant end up dead… hanging by ropes from the rafters of their lab. The lovely Reiko suffers from a condition known as “genophobia” (the fear of sexual intercourse), so she is admitted to the Tachibana Clinic for observation. Another group of doctors have the “Dream Ring” device and use it on Reiko to analyze her wildly erotic, and violent, dreams and nightmares. The clinic doctors have more sinister reasons to test this device on Reiko, however, and secretly put her under hypnosis so that the ring is activated at any time she hears the sound of a bell. Can she escape the evil doctors’ experiment and, even if she does, who is that strange person, dressed all in black, following her around?"
174018,Love Without End,1970-01-31,0.0,15.76,ZH,"A remake that doesn't disappoint, the Shawscope color Love Without End is as touching as the classic black and white original. Excelling in the tragic role made famous by Linda Lin Dai in 1961, Jenny Hu was honored with the Special Award for Best Acting in 1970."
502356,The Super Mario Bros. Movie,2023-04-05,7.6,18.21,EN,"While working underground to fix a water main, Brooklyn plumbers—and brothers—Mario and Luigi are transported down a mysterious pipe and wander into a magical new world. But when the brothers are separated, Mario embarks on an epic quest to find Luigi."
1015539,Santastein,2024-11-25,6.3,17.12,EN,"When Max Causey was six, he accidentally killed Santa. 12 years later, Max rectifies his mistake by resurrecting him, but soon realizes the creature he created is a bloodthirsty killer and it's headed right to his friend's Christmas party."
483770,Los ojos de un niño,1982-12-08,5.5,15.68,ES,"Little boy learns of his stepmother's infidelity and later witnesses a murder... but the shocks have thrown him into a hysterical paralysis, and it's almost impossible for him to communicate anything to anybody."
1284120,The Ugly Stepsister,2025-03-07,7.3,17.31,NO,"In a fairy-tale kingdom where beauty is a brutal business, Elvira battles to compete with her incredibly beautiful stepsister, and she will go to any length to catch the prince’s eye."
22,Pirates of the Caribbean: The Curse of the Black Pearl,2003-07-09,7.8,17.89,EN,"When wily Captain Barbossa steals Jack Sparrow's ship and kidnaps the governor's beautiful daughter, Elizabeth, her childhood friend Will Turner joins forces with Jack to save her and recapture Jack's ship, the Black Pearl."
105,Back to the Future,1985-07-03,8.3,18.86,EN,"Eighties teenager Marty McFly is accidentally sent back in time to 1955, inadvertently disrupting his parents' first meeting and attracting his mother's romantic interest. Marty must repair the damage to history by rekindling his parents' romance and - with the help of his eccentric inventor friend Doc Brown - return to 1985."
1444384,Nak Loves Mak Sooo Much!,2025-07-24,4.0,16.43,TH,"Two best friends, Peued and Uncle, set out to remake the timeless love legend of Mae Nak Phra Khanong, but things quickly spiral out of control when the real Mae Nak shows up to play herself. On a mission to find her true love, now reincarnated as Krist, a rising young actor."
604079,The Long Walk,2025-09-10,7.0,18.34,EN,"In a dystopian near-future America, fifty teenage boys take part in a deadly annual walking contest, forced to maintain a minimum pace or be executed, until only one survivor remains."
422115,The Evil Faces of Víctor Israel,2010-10-10,0.0,15.34,ES,Hour-long documentary about distinctive-looking Spanish character actor Víctor Israel.
1301982,Take Off Your Uniform: Schoolgirl Highlights,2004-01-01,0.0,24.88,JA,A compilation of 4 stories depicting the lewd behavior of high school girls.
769,GoodFellas,1990-09-12,8.5,16.44,EN,"The true story of Henry Hill, a half-Irish, half-Sicilian Brooklyn kid who is adopted by neighbourhood gangsters at an early age and climbs the ranks of a Mafia family under the guidance of Jimmy Conway."
475557,Joker,2019-10-01,8.1,16.98,EN,"During the 1980s, a failed stand-up comedian is driven insane and turns to a life of crime and chaos in Gotham City while becoming an infamous psychopathic crime figure."
198663,The Maze Runner,2014-09-10,7.2,18.2,EN,"A teenager with no memory of his past finds himself among a group of boys living in a walled enclosure surrounded by a massive, ever-changing maze. As he struggles to adapt to their rules and society, he begins to uncover clues that may lead to escape and the truth behind their confinement."
8587,The Lion King,1994-06-15,8.3,17.97,EN,"Young lion prince Simba, eager to one day become king of the Pride Lands, grows up under the watchful eye of his father Mufasa; all the while his villainous uncle Scar conspires to take the throne for himself. Amid betrayal and tragedy, Simba must confront his past and find his rightful place in the Circle of Life."
585,"Monsters, Inc.",2001-11-01,7.8,17.94,EN,"Lovable Sulley and his wisecracking sidekick Mike Wazowski are the top scare team at Monsters, Inc., the scream-processing factory in Monstropolis. When a little girl named Boo wanders into their world, it's the monsters who are scared silly, and it's up to Sulley and Mike to keep her out of sight and get her back home."
793387,Holy Night: Demon Hunters,2025-04-30,6.8,17.92,KO,"When a devil-worshipping criminal network plunges Seoul into chaos, the police turn to Holy Night—a trio of supernatural demon hunters—to restore order and defeat the rising evil."
912649,Venom: The Last Dance,2024-10-22,6.7,17.88,EN,"Eddie and Venom are on the run. Hunted by both of their worlds and with the net closing in, the duo are forced into a devastating decision that will bring the curtains down on Venom and Eddie's last dance."
1162858,The Other,2025-04-26,5.6,17.86,EN,"Unable to conceive, a couple seeks to build a family with a young orphan, survivor of tragic childhood. But their act of love turns to horror when they realize the violence in their foster's past has returned to destroy the new family."
1119878,Ice Road: Vengeance,2025-06-27,6.3,17.86,EN,"Big rig ice road driver Mike McCann travels to Nepal to scatter his late brother’s ashes on Mt. Everest. While on a packed tour bus traversing the deadly 12,000 ft. terrain of the infamous Road to the Sky, McCann and his mountain guide encounter a group of mercenaries and must fight to save themselves, the busload of innocent travelers, and the local villagers’ homeland."
1208561,Art of Eight Limbs,2024-08-16,6.3,17.79,EN,Four canisters of deadly VX nerve gas have fallen into the hands of an international arms dealer in Myanmar. A CIA recruit delivers a high-tech detection device to an agent already on the ground.
2062,Ratatouille,2007-06-28,7.8,17.78,EN,"Remy, a resident of Paris, has quite a sophisticated palate. He would love to become a chef so he can create and enjoy culinary masterpieces to his heart's delight. The only problem is, Remy is a rat. When he winds up in the sewer beneath one of Paris' finest restaurants, Remy finds himself ideally placed to realize his dream. He forms an unusual alliance with the restaurants rookie employee, and together they work through challenges stemming from Head Chef Skinner, Remy’s colony, and renowned food critic Anton Ego, who strikes fear in the hearts of chefs all throughout France."
1865,Pirates of the Caribbean: On Stranger Tides,2011-05-15,6.6,17.74,EN,"When Jack crosses paths with a woman from his past, he's not sure if it's love...or if she's a ruthless con artist using him to find the fabled Fountain of Youth."
1490860,A Home to Die For,2025-06-22,0.0,17.7,EN,"After recently separating from her husband, Anna embarks on a solo adventure. Using WanderNest, a home exchange website, she swaps homes with Aurora in Greece. Anna is toured around by Aurora's charming handyman Niko, and a romance quickly ensues. However, her perfect getaway takes a turn as mysterious incidents and dark secrets gradually unfold."
411,"The Chronicles of Narnia: The Lion, the Witch and the Wardrobe",2005-12-07,7.1,17.66,EN,"Siblings Lucy, Edmund, Susan and Peter step through a magical wardrobe and find the land of Narnia. There, they discover a charming, once peaceful kingdom that has been plunged into eternal winter by the evil White Witch, Jadis. Aided by the wise and magnificent lion, Aslan, the children lead Narnia into a spectacular, climactic battle to be free of the Witch's glacial powers forever."
507244,Afterburn,2025-08-20,6.6,17.65,EN,"Set against the backdrop of a postapocalyptic Earth whose Eastern Hemisphere was destroyed by a massive solar flare, leaving what life remains mutated from radiation and fallout. The story revolves around a group of treasure hunters who extract such objects as the Mona Lisa, the Rosetta Stone and the Crown Jewels while facing rival hunters, mutants and pirates."
109445,Frozen,2013-11-20,7.2,17.65,EN,"Young princess Anna of Arendelle dreams about finding true love at her sister Elsa’s coronation. Fate takes her on a dangerous journey in an attempt to end the eternal winter that has fallen over the kingdom. She's accompanied by ice delivery man Kristoff, his reindeer Sven, and snowman Olaf. On an adventure where she will find out what friendship, courage, family, and true love really means."
12445,Harry Potter and the Deathly Hallows: Part 2,2011-07-12,8.1,17.65,EN,"Harry, Ron and Hermione continue their quest to vanquish the evil Voldemort once and for all. Just as things begin to look hopeless for the young wizards, Harry discovers a trio of magical objects that endow him with powers to rival Voldemort's formidable skills."
161542,Con el odio en la piel,1988-01-21,5.0,17.6,ES,"After group of racist cops from Texas kill his brother, a young Mexican man stands up to the corrupt bunch in this action-drama."
12444,Harry Potter and the Deathly Hallows: Part 1,2010-11-17,7.7,17.6,EN,"Harry, Ron and Hermione walk away from their last year at Hogwarts to find and destroy the remaining Horcruxes, putting an end to Voldemort's bid for immortality. But with Harry's beloved Dumbledore dead and Voldemort's unscrupulous Death Eaters on the loose, the world is more dangerous than ever."
767,Harry Potter and the Half-Blood Prince,2009-07-15,7.7,17.56,EN,"As Lord Voldemort tightens his grip on both the Muggle and wizarding worlds, Hogwarts is no longer a safe haven. Harry suspects perils may even lie within the castle, but Dumbledore is more intent upon preparing him for the final battle fast approaching. Together they work to find the key to unlock Voldemorts defenses and to this end, Dumbledore recruits his old friend and colleague Horace Slughorn, whom he believes holds crucial information. Even as the decisive showdown looms, romance blossoms for Harry, Ron, Hermione and their classmates. Love is in the air, but danger lies ahead and Hogwarts may never be the same again."
1468417,First Moon,2025-05-06,4.4,17.52,EN,"A young waitress is abducted by a religious cult, who are hell-bent on curing her from a sexually transmitted werewolf virus - or killing her in the process. Will she escape before the first full moon?"
1225624,On Falling,2025-03-07,7.1,17.49,EN,"Aurora, a Portuguese migrant, works as an order picker in a warehouse in Edinburgh, Scotland. Caught between the walls of a huge distribution centre and the solitude of her own room, Aurora tries to seize every opportunity to resist the alienation and isolation that threaten her identity."
562,Die Hard,1988-07-15,7.8,17.48,EN,"NYPD cop John McClane's plan to reconcile with his estranged wife is thrown for a serious loop when, minutes after he arrives at her office's Christmas Party, the entire building is overtaken by a group of terrorists. With little help from the LAPD, wisecracking McClane sets out to single-handedly rescue the hostages and bring the bad guys down."
240,The Godfather Part II,1974-12-20,8.6,16.72,EN,"In the continuing saga of the Corleone crime family, a young Vito Corleone grows up in Sicily and in 1910s New York. In the 1950s, Michael Corleone attempts to expand the family business into Las Vegas, Hollywood and Cuba."
315635,Spider-Man: Homecoming,2017-07-05,7.3,18.19,EN,"Following the events of Captain America: Civil War, Peter Parker, with the help of his mentor Tony Stark, tries to balance his life as an ordinary high school student in Queens, New York City, with fighting crime as his superhero alter ego Spider-Man as a new threat, the Vulture, emerges."
335984,Blade Runner 2049,2017-10-04,7.6,17.11,EN,"Thirty years after the events of the first film, a new blade runner, LAPD Officer K, unearths a long-buried secret that has the potential to plunge what's left of society into chaos. K's discovery leads him on a quest to find Rick Deckard, a former LAPD blade runner who has been missing for 30 years."
47360,Deathstalker III: The Warriors from Hell,1988-01-01,3.6,15.18,EN,"Deathstalker’s back—and this time he’s facing off against Troxartes, an evil wizard with a zombie army and two magical jewels that hold the key to the lost city of Erendor. Teaming up with Princess Carissa, Deathstalker must protect the third gem, storm a heavily guarded fortress, and ride a bolt of lightning straight into battle."
807,Se7en,1995-09-22,8.4,16.29,EN,"Two homicide detectives are on a desperate hunt for a serial killer whose crimes are based on the ""seven deadly sins"" in this dark and haunting film that takes viewers from the tortured remains of one victim to the next. The seasoned Det. Somerset researches each sin in an effort to get inside the killer's mind, while his novice partner, Mills, scoffs at his efforts to unravel the case."
187164,Un millón en la basura,1967-03-02,6.8,14.74,ES,"In the vast army of human society, Pepe, a sweeper, occupies one of the last places: anonymous, gray, vague. Pepe is a member of that ghostly dawn brigade, to blow hose, clean the streets at dawn. One day Pepe finds a million in the trash. Financial need of the poor sweeper suggests keeping the money, but his wife advises him to do his civic duty and return the money ..."
98607,What Makes Women Laugh?,1997-02-25,5.5,14.72,ES,"Luci, Graci and Mar­, three sisters that make a comedy trio, go to the wedding of their father with a woman who is 45 years younger than him. During the feast Luci's husband dies in an accident. Despite the tragedy, the trio have to fulfill their commitment acting during August in Benidorm. The widow discovers thanks to a notebook that her husband cheated on her, so she decides to flirt with everyone."
80766,Santo vs. the Martian Invasion,1967-07-27,5.6,14.58,ES,"In this Mexican sci-fi fantasy, big beefy Martians invade the earth. Ostensibly, they have come to warn people about the dangers of nuclear testing and exploring space, but their real mission becomes manifest when they begin using their special powers and gadgets to exploit weak earthlings."
1288072,Keeper,2025-11-12,5.5,17.0,EN,"Liz and Malcolm escape for a romantic anniversary weekend at a secluded cabin. When Malcolm suddenly returns to the city, Liz finds herself isolated and in the presence of an unspeakable evil that reveals the cabin's horrifying secrets."
1178602,Mirrors No. 3,2025-08-27,6.6,14.86,DE,"On a weekend trip to the countryside, Laura miraculously survives a car crash. Physically unhurt but deeply shaken, she is taken in by a local woman who witnessed the accident and now cares for Laura with motherly devotion. When her husband and adult son also give up their initial resistance to Laura's presence, the four of them slowly build up some family-like routine. But soon they can no longer ignore their past..."
67438,Le Testament d'un poète juif assassiné,1988-02-26,0.0,11.87,FR,"This somber drama chronicles the writings of Paltiel Kossover (Michel Jonasz), a Rumanian Jew who was incarcerated in a Stalinist prison. Zupanev (Erland Josephson) is a sympathetic court registrar who smuggles the documents and later presents them to the poet's son Grisha (Vincent David)."
1456349,It Was Just an Accident,2025-09-27,7.2,17.63,FA,An unassuming mechanic is reminded of his time in an Iranian prison when he encounters a man he suspects to be his sadistic jailhouse captor.
1339748,Murder for Mortgage: Secrets on Maple Street,2024-07-28,6.3,14.47,EN,"After the death of the local busybody, a young couple move into her house on the notorious Maple Street. But soon, strange events make them suspect that the woman's death concealed a deeper secret."
146198,Triple 9,2016-02-19,6.0,14.16,EN,A gang of criminals and corrupt cops plan the murder of a police officer in order to pull off their biggest heist yet across town.
714358,The Making of The Battery,2014-09-16,0.0,14.65,EN,"A feature-length documentary about the making of the The Battery, an independent zombie film that has received worldwide acclaim, featuring filmmaker interviews, behind the scenes footage, and deleted scenes. Learn how the film came together from the filmmakers' early beginnings to the writing, casting, production, post-production, and release."
675,Harry Potter and the Order of the Phoenix,2007-07-08,7.7,16.42,EN,"Returning for his fifth year at Hogwarts, Harry is stunned to find that his warnings about the return of Lord Voldemort have been ignored. Left with no choice, Harry takes matters into his own hands, training a small group of motivated students to defend themselves against the Dark Arts."
8704,"How to Drown Dr. Mracek, the Lawyer",1975-03-01,6.6,14.6,CS,"There are still water spirits among us. One group lives in Prague, led by Mr. Wassermann, who is using his wife's family as a servants. All they need is their old house near the river. But the house is to be demolished. They have to stop it. And the only way is to drown Dr. Mrácek, who is responsible for the demolition. But he falls in love with Wassermann's niece Jana. He changes to fish, is mistaken for water spirit from Germany, is drowned and revived again. The other problem is the flour with ears... and so on..."
1433719,High Ground,2025-03-17,5.8,16.6,EN,"When a mysterious prisoner lands in jail, a border town sheriff faces the wrath of a brutal cartel."
793622,All Star Melody Masters,1943-05-22,0.0,14.53,EN,"Cole Porter times three! Al Kemp and His Orchestra swing ""Begin the Beguine,"" Emil Coleman and His Orchestra sell us ""Just One of Those Things,"" and Skinnay Ennis and His Orchestra love some ""(Let's Do It) Let's Fall in Love."""
404737,Yo soy un político,2016-08-11,0.0,14.62,ES,"Carlos is an ex-con looking for a job where he earns a lot of money without having to work hard. After discussing it with his cellmate, they conclude that the only work to fit the description is to be politician in Puerto Rico. Carlos decides to run for Governor, like every politician always seeking for the best for his country, and of course, looking for what's best for him."
726953,Return To Splatter Farm,2020-11-10,3.5,14.65,EN,"Thirty years after the infamous 'Death Farm' murders in rural Pennsylvania, serial killing is in season once more. A young woman and her friends descend upon the farm to party after discovering that she has inherited the land. But soon after, the strange occurrences and brutal murders begin again. The shocking sequel to the 1987 SOV cult classic SPLATTER FARM."
11324,Shutter Island,2010-02-14,8.2,14.85,EN,"World War II soldier-turned-U.S. Marshal Teddy Daniels investigates the disappearance of a patient from a hospital for the criminally insane, but his efforts are compromised by troubling visions and a mysterious doctor."
1438229,Princess Principal Crown Handler: Chapter 4,2025-05-23,0.0,16.72,JA,The fourth film of Princess Principal: Crown Handler.
162893,Götz von Berlichingen mit der eisernen Hand,1979-01-09,5.0,14.39,DE,"During the time of the Peasants' Wars, the free knight Götz von Berlichingen gets into all kinds of private and political entanglements when he defends the Bishop of Bamberg. He is declared an enemy of the empire and ostracized as a robber. Insurgent peasants, of whom he becomes the leader, also betray him by attacking a town against the condition that no violence be used."
682449,Veinticuatro horas en la vida de una mujer,1944-08-17,7.5,14.43,ES,An unusually intense and emotional day in the otherwise monotonous life of a woman.
437222,Once a Year Can't Hurt 2,2015-12-25,6.1,14.48,ES,"A sequel to more traditions of a typical Colombian family, this time we will see a bachelor party, Halloween, a heartbreak and much more."
371493,Cayó de la gloria el diablo,1972-05-11,6.8,14.44,EN,"Subsistence-economy slum guy who sells used newsprint for a living breaks into showbiz with an inadvertantly-comical fire-eater act. The novelty of him wears off very quickly, and then..."
44793,Soft Shell Man,2001-09-07,6.5,14.78,FR,An emotionally immature underwater photographer returns home to an affair with his best friend's deaf girlfriend and unresolved issues with the wife he left six months before.
585728,The Ex Next Door,2019-03-01,4.1,14.66,EN,"Katie Gatewood's love for her husband Dan is put to the test when Dan's obsessed ex-girlfriend Louisa moves into the house next door, intending to drive the happy couple apart by any means necessary."
134642,All Star Comedy Jam: Live from Orlando,2012-10-09,5.2,14.38,EN,"The best-selling comedy franchise returns and features some of the most raw and hilarious talent including: Capone (TV's ""Showtime at the Apollo""), Lil' Duval (TV's ""BET's Comicview""), Tony Roberts (Comedy Only in da Hood) and Jay Pharoah (TV's ""Saturday Night Live""). 'All Star Comedy Jam - Live from Orlando' was filmed at Hard Rock Live, in front of a live audience during the All-Star Weekend in Orlando, FL."
216015,Fifty Shades of Grey,2015-02-11,5.9,17.03,EN,"When college senior Anastasia Steele steps in for her sick roommate to interview prominent businessman Christian Grey for their campus paper, little does she realize the path her life will take. Christian, as enigmatic as he is rich and powerful, finds himself strangely drawn to Ana, and she to him. Though sexually inexperienced, Ana plunges headlong into an affair -- and learns that Christian's true sexual proclivities push the boundaries of pain and pleasure."
933260,The Substance,2024-09-07,7.1,16.44,EN,"A fading celebrity decides to use a black market drug, a cell-replicating substance that temporarily creates a younger, better version of herself."
323557,Newton : A Tale of Two Isaacs,1997-01-01,4.0,14.27,EN,"As Newton devotes himself to the difficult and solitary path of challenging the existing view of the universe and proving his own theories on celestial movement and gravity, his young scribe Humphrey wavers between pursuing science or following his heart."
481106,Heroine Kan Lian Chu,1977-01-20,0.0,14.29,ZH,"The good guys, a trio of swordsmen, gradually collect allies, including one by marriage. The groom must depart along with his bride but she must pass 3 tests before leaving. Then the group has to survive a series of traps before facing the villain."
1389255,The Stranger in My Home,2025-06-23,5.4,15.27,EN,"A handsome stranger's claim that a couple's 15-year-old daughter was switched at birth throws their perfect family into turmoil, unearthing shattering secrets."
1100854,10 Reasons Why Men Cheat,2023-03-14,1.5,14.36,EN,"In the wake of a wedding catastrophe, three couples discover the meaning of commitment, while discussing what women want to know most of all when it comes to men and relationships."
1161617,Code 3,2025-09-12,6.9,17.1,EN,A burned-out paramedic tries to survive his last 24 hours on the job while training a new recruit.
445141,Lojze Woke Up as Usually,1995-11-06,0.0,14.36,SL,"Lojze he wake up as usual, but he forgot the child in the car. But then found something else."
10681,WALL·E,2008-06-22,8.1,16.3,EN,"What if mankind had to leave Earth and somebody forgot to turn the last robot off? After hundreds of years doing what he was built for, WALL•E discovers a new purpose in life when he meets a sleek search robot named EVE. EVE comes to realize that WALL•E has inadvertently stumbled upon the key to the planet's future, and races back to space to report to the humans. Meanwhile, WALL•E chases EVE across the galaxy and sets into motion one of the most imaginative adventures ever brought to the big screen."
106,Predator,1987-06-12,7.5,16.47,EN,A team of elite commandos on a secret mission in a Central American jungle come to find themselves hunted by an extraterrestrial warrior.
1438030,Slaughterhouse 2,2024-10-23,6.3,16.68,EN,"Unlike Buddy Bacon in the original 'Slaughterhouse' his brother Cleavon left the blood-splattered pig farm for a better life. But just like his father, Cleavon has a mute son who has a passion for home-reared, flame-grilled Wonder Jerky. Anyone who strays into Bacon's ranch, of abandoned Americana cars, will soon become part of the Wonder Jerky success story."
618246,He Can’t Live Without Cosmos,2019-08-02,0.0,16.68,RU,This is a story about a mother and her only son. And also - about fate and destiny.
1184918,The Wild Robot,2024-09-12,8.3,16.65,EN,"After a shipwreck, an intelligent robot called Roz is stranded on an uninhabited island. To survive the harsh environment, Roz bonds with the island's animals and cares for an orphaned baby goose."
882234,Los chiflados dan el golpe,1975-10-09,0.0,16.65,ES,"When the mother of a sailor who had written to him that he was the commander appears on the ship, two friends help him in the deception."
1116984,All You Need Is Death,2024-03-19,5.2,16.65,EN,"A young couple who collect rare folk ballads discover the dark side of love when they surreptitiously record and translate an ancient, taboo folk song from the deep, forgotten past."
199729,El paraíso ya no es lo que era,2001-05-11,2.8,16.64,ES,"Mercedes (Neus Asensi) Mariángeles (Ana Risueño) and Carmen (Miriam Diaz Aroca) need to escape something: the stress of the job, a divorce or a gray and boring existence. And all three are looking for something: a love affair in an exotic country. The destination is Tunisia, land of contrasts, from the deserts and beaches. But far from land into a paradise unprecedented journey undertaken with a group of quirky characters."
564,The Mummy,1999-04-16,7.0,16.64,EN,Dashing legionnaire Rick O'Connell stumbles upon the hidden ruins of Hamunaptra while in the midst of a battle to claim the area in 1920s Egypt. It has been over three thousand years since former High Priest Imhotep suffered a fate worse than death as a punishment for a forbidden love—along with a curse that guarantees eternal doom upon the world if he is ever awoken.
300488,La insólita y gloriosa hazaña del cipote de Archidona,1979-03-02,5.6,16.63,ES,
290098,The Handmaiden,2016-06-01,8.2,16.61,KO,"1930s Korea, in the period of Japanese occupation, a new girl, Sookee, is hired as a handmaiden to a Japanese heiress, Hideko, who lives a secluded life on a large countryside estate with her domineering Uncle Kouzuki. But the maid has a secret. She is a pickpocket recruited by a swindler posing as a Japanese Count to help him seduce the Lady to steal her fortune."
151732,Alleluja & Sartana Are Sons... Sons of God,1972-12-22,1.5,16.6,IT,"Two conmen, posing as missionaries, are out to swindle the members of a church group in this slapstick western."
224418,Don Lucio and Brother Pío,1960-09-27,7.2,16.58,ES,"Brother Pío, intending to collect charity for a group of nuns who run an orphanage, travels to Madrid with a statue of the Baby Jesus. On the train ride there, he meets Lucio, a slick-talking small-time thief, who steals the statue from him in order to collect the donations for himself."
1002851,"Uhaw na Bulaklak, Part 2",1976-06-28,0.0,16.57,TL,
105745,A Esperança Está Onde Menos Se Espera,2009-09-17,4.6,16.56,PT,"Lourenço is the son of Francisco Figueiredo, a soccer coach in the beginning of a very promising career. Everything goes well: Francisco's team is in the Portuguese Cup final and Lourenço is going to be class valedictorian in a very prestigious private high school. But everything starts to collapse. Francisco is fired and Lourenço must transfer to a public high school whose students are predominantly from a ghetto near Lisbon. While Lourenço is fighting to fit into a new and harsh reality, he also helps his father find his lost dignity. Hope is a strange place."
546554,Knives Out,2019-11-27,7.8,16.52,EN,"When renowned crime novelist Harlan Thrombey is found dead at his estate just after his 85th birthday, the inquisitive and debonair Detective Benoit Blanc is mysteriously enlisted to investigate. From Harlan's dysfunctional family to his devoted staff, Blanc sifts through a web of red herrings and self-serving lies to uncover the truth behind Harlan's untimely death."
123038,Song of the Scarlet Flower,1956-12-26,4.0,16.51,SV,Olof is driven from home when he wants to marry the wrong girl. He takes a job as a log driver and his reputation as a womanizer goes far and wide.
110822,El año que trafiqué con mujeres,2005-10-30,8.0,16.47,ES,
502604,C'est facile et ça peut rapporter... 20 ans,1983-06-01,2.0,16.46,FR,"Alfredo Moreno is a police officer in Paris. Married but separated from his wife, he meets Virginie, a pretty, rather interested blonde. But the Spanish police call him to come and recognize a body they think is that of his wife."
336187,Un millón por tu historia,1979-04-16,0.0,16.46,ES,
557,Spider-Man,2002-05-01,7.3,16.44,EN,"After being bitten by a genetically altered spider at Oscorp, nerdy but endearing high school student Peter Parker is endowed with amazing powers to become the superhero known as Spider-Man."
580816,A Man without a Shadow,2019-09-18,4.6,16.43,FA,"The film A Shadowless Man in the Social Genre, produced in 1397 and filmed in Iran and Spain. The director of this work, Alireza Reisian, went on to make a film without shadows after the films ""Forty Years"" and ""The Age of Love"". A Shadowless Man was screened at the 37th Fajr Festival. The story of this film deals with the emotional and marital relationship of contemporary man, who has a special look at social problems these days. The film's synopsis states that filmmaker Mahan Koushiar decides to make a documentary about a serial murder, but his life is affected."
433588,Sólo se muere dos veces,1996-03-10,0.0,16.42,ES,
862,Toy Story,1995-11-22,8.0,16.9,EN,"Led by Woody, Andy's toys live happily in his room until Andy's birthday brings Buzz Lightyear onto the scene. Afraid of losing his place in Andy's heart, Woody plots against Buzz. But when circumstances separate Buzz and Woody from their owner, the duo eventually learns to put aside their differences."
221043,The Idiot Swordsman,1978-12-30,2.0,16.36,ZH,"A young man, very talented in the martial arts, appears in a troubled part of the country and rids it of brigandry with his fighting skills. His sloppy dress and fondness for wine earns him the title of Idiot Swordsman. But his true identity remains a mystery."
1376434,Predator: Killer of Killers,2025-06-05,7.9,16.34,EN,"While three of the fiercest warriors in human history—a Viking raider, a ninja in feudal Japan, and a WWII pilot—are killers in their own right, they are merely prey for their new opponent: the ultimate killer of killers."
395199,Where the Circle Ends,1956-04-11,4.2,13.98,ES,"A woman murders her lover. Her husband and his mistress are also having murder-shaped thoughts, and their three counterplots all get tangled together. Everybody loses."
229764,Miles Davis: Kind of Blue,2008-10-27,3.8,16.29,EN,"Kind Of Blue: Celebrating A Masterpiece incorporates material from the 2004 mini-documentary, Made In Heaven, including black-and-white still photography of the recording sessions and the voices of Miles (at the sessions), as well as excerpts of radio interviews with the late Bill Evans."
1501233,New Faces for Old,1927-10-12,0.0,16.29,EN,
370370,Cinco en la cárcel,1968-12-05,5.0,16.22,ES,"Five criminals are arrested after a bank-robbery. One escapes, and the police officer in charge of transporting them arrests a new person at random to cover up for his negligence."
1124093,Wie Gott sie schuf,2021-08-29,0.0,11.5,DE,The girls are filming themselves having fun to show who they really are.
99861,Avengers: Age of Ultron,2015-04-22,7.3,16.18,EN,"When Tony Stark tries to jumpstart a dormant peacekeeping program, things go awry and Earth’s Mightiest Heroes are put to the ultimate test as the fate of the planet hangs in the balance. As the villainous Ultron emerges, it is up to The Avengers to stop him from enacting his terrible plans, and soon uneasy alliances and unexpected action pave the way for an epic and unique global adventure."
1296504,Stand Your Ground,2025-05-09,4.5,16.17,EN,"Former Special Forces operative, Jack Johnson, uses the Stand Your Ground law to seek vengeance for his wife’s murder, igniting a brutal war against a local crime lord’s family and ending in an explosive showdown."
291508,Love Whispers,1935-12-23,3.0,13.82,DE,"To escape dreary country life, a count travels to Italy with a friend every year.  Instead of the alleged purchase of horses, the reason he gives to his mother as to why he needs to travel to Italy, he spends his time chasing after the ladies."
186886,Story of Taxi Dancers,1981-08-12,2.0,13.84,CN,"Xiu Juan, a filial daughter and caring sister, trades her soul for money to look after her mother and her brother's studies. The unsung heroine meets a tragic end when her complexion is destroyed by drug pusher Qin Chao who was jilted by her."
476166,Mozart: Die Entführung Aus Dem Serail,1997-09-16,0.0,16.15,EN,"The celebrated three-act opera by Wolfgang Amadeus Mozart comes to life in this dynamic performance at the world-famous Salzburg Festival. Director Francois Abou Salem brings a modern Middle Eastern sensibility to this journey into Arabian and Muslim culture, filtering the comic tale of abduction for today's audiences. Soprano Christine Schafer portrays Constanze, a woman whose heart is torn between her fiance, Belmonte (Paul Groves), and her new master, Pasha Selim (Akram Tillawi). A sensual and resoundingly modern experience, this new interpretation casts new light on a classic musical work and infuses it with aching human emotion."
1229163,How Do I Tell You This,2024-02-14,0.0,13.72,EN,"Two long-time internet friends - Ted, the hometown artist, and Liz, a globe-hopping humanitarian. On the night of his gallery opening, on a river that goes nowhere, they meet for the first time. Neither one knows that the other loves them."
706705,Style and Substance: Norman Jewison and Hal Ashby,2019-05-14,0.0,13.85,EN,Documentary about The Landlord.
356933,The Saving of Bill Blewitt,1936-12-30,0.0,16.13,EN,"A rare dramatic production for the GPO, although it is told in documentary style. It shows two fishermen who lose their boat and manage to save to buy another, and is intended to show people how one can scrimp and save."
1071585,M3GAN 2.0,2025-06-25,7.3,16.09,EN,"After the underlying tech for M3GAN is stolen and misused by a powerful defense contractor to create a military-grade weapon known as Amelia, M3GAN's creator Gemma realizes that the only option is to resurrect M3GAN and give her a few upgrades, making her faster, stronger, and more lethal."
414494,Packed in the Boot,1972-01-01,0.0,13.76,EN,"An adventure story for children set in New Zealand and told in eight sequential episodes. 5 of 8: The escaped criminals drive away from Wellington in a stolen car. However, Johnny and Rangi are hidden in the boot."
387824,Mom's Friend,2015-08-20,7.0,15.44,KO,"Seong Soo, a twenty years old boy, decided to move to Seoul after being accepted into Seoul University. However, he was a victim of real estate scam. He then moves into his mother's friend's house. Moreover, it turns out that his mother's friend is a sexy self-employed mother and Seong Soo is attracted to her."
369785,Rocambole contra la secta del escorpión,1967-08-04,5.2,16.03,ES,Short-lived superhero-adventure series. One sequel.
573435,Bad Boys: Ride or Die,2024-06-05,7.3,16.02,EN,"After their late former Captain is framed, Lowrey and Burnett try to clear his name, only to end up on the run themselves."
195173,Age of Panic,2013-09-18,6.0,15.98,FR,"May 6, 2012. Cable news reporter Laetitia is covering the French presidential elections, while Vincent, her ex-husband, demands to see their two young daughters. It's a manic Sunday in Paris: two agitated girls, a frazzled babysitter, a needy new boyfriend, a grumpy lawyer and France cut in half!"
460138,El crimen del expreso de Andalucía,1991-02-27,3.2,15.98,ES,"Madrid, 1924. A ne'er-do-well in his 30s, perpetual disappointment to his aging military father, hatches a plan to rob the mail train to Andalusia. He intends the hit to be bloodless, but complications arise soon."
845781,Red One,2024-10-31,7.0,15.96,EN,"After Santa Claus (codename: Red One) is kidnapped, the North Pole's Head of Security must team up with the world's most infamous tracker in a globe-trotting, action-packed mission to save Christmas."
601,E.T. the Extra-Terrestrial,1982-06-11,7.5,15.94,EN,"An alien is left behind on Earth and saved by the 10-year-old Elliott who decides to keep him hidden in his home. While a task force hunts for the extra-terrestrial, Elliott, his brother, and his little sister Gertie form an emotional bond with their new friend, and try to help him find his way home."
1262815,The Choral,2025-11-07,6.4,15.92,EN,"As World War I rages on, Dr. Henry Guthrie takes over a British choral society that's lost most of its men to the army. The community soon discovers that the best response to the chaos of war is to make beautiful music together."
402033,Coppélia (The Royal Ballet),2000-02-19,10.0,15.92,EN,"Coppélia, a mechanical doll made by the toy-maker Dr. Coppelius, is so life-like that some believe she is his daughter. The mistake leads to intrigue and jealousy in love. Directed by Ross MacGibbon, with Leanne Benjamin and Carlos Acosta."
429617,Spider-Man: Far From Home,2019-06-28,7.4,15.91,EN,"Peter Parker and his friends go on a summer trip to Europe. However, they will hardly be able to rest - Peter will have to agree to help Nick Fury uncover the mystery of creatures that cause natural disasters and destruction throughout the continent."
196790,Pronto... c'è una certa Giuliana per te,1967-09-07,3.0,15.91,IT,
1144443,Follow My Voice,2025-09-12,7.6,15.9,ES,"After a health crisis that keeps her home, Klara does nothing but listen to her favorite radio show, Follow My Voice. But one day she wonders: is it possible to fall in love with someone she has only heard on the radio but never met? Could she really have feelings for Kang, the radio show host whose voice she has only heard once, and will she overcome her fears to step out into the world again?"
419765,"La selva está loca, loca, loca...",1983-07-01,0.0,15.89,ES,
460022,El crimen de la calle Fuencarral,1985-05-17,5.5,15.89,ES,"July 1, 1888. The body of a woman is discovered during a house fire, but the examination reveals that she died victim of a stabbing, not the flames. Her maid and pet dog are found drugged in another room."
398418,Los Reyes: la verdadera historia del Búster y el Camaleón,2014-12-04,2.0,15.84,ES,"Inspired on the true story of drug lord José Figueroa Agosto, commonly known as Junior Cápsula. A Puerto Rican drug convict escapes from jail and flees to Santo Domingo, where he continues his drug business and meets a woman who becomes his lover."
250193,The Crime of Cacaro Gumaro,2014-03-15,4.4,15.84,ES,"After their fathers death, two brothers dispute the inheritance: the local movie theater known as Linterna Mújica. Their dispute may or not bring the town to its apocalypse, but it will for sure turn it upside-down."
68718,Django Unchained,2012-12-25,8.2,15.83,EN,"With the help of a German bounty hunter, a freed slave sets out to rescue his wife from a brutal Mississippi plantation owner."
1382406,Striking Rescue,2024-12-05,7.4,15.83,ZH,A veteran Muay Thai expert goes on a take-no-prisoners mission of revenge after his wife and daughter are brutally murdered by mysterious forces.
424,Schindler's List,1993-12-15,8.6,15.82,EN,The true story of how businessman Oskar Schindler saved over a thousand Jewish lives from the Nazis while they worked as slaves in his factory during World War II.
1290504,Desert Vows,2012-08-01,0.0,15.82,EN,"Hunter, a bride-to-be, feels overworked and unappreciated.  Her artistic spirit is squelched by the shallow corporate world she’s in and she has had enough. Unfortunately, she feels as if she can’t turn to Ian, her commercial executive fiancé, for solace. As her wedding day approaches, Hunter and her three bridesmaids embark on a road trip to Las Vegas for one last hoorah together.  As the girls venture from the city, they decompress and let their personal barriers fall. An impromptu sightseeing excursion into the desert leads to a clash of anxieties and attitudes between Hunter, the bridesmaids, and her fiancé as Hunter searches for the road that’s right for her."
1388456,Bar Boys: After School,2025-12-25,0.0,15.78,TL,"Set ten years after the events of the first film, the story explores the impact of time on institutions, relationships, and individuals, delivering a poignant yet inspiring tale about the invisible costs of pursuing one's dreams."
68721,Iron Man 3,2013-04-18,6.9,15.78,EN,"When Tony Stark's world is torn apart by a formidable terrorist called the Mandarin, he starts an odyssey of rebuilding and retribution."
1469760,Musical The Prince Of Tennis Concert: Dream Live 2017,2017-05-26,0.0,15.78,JA,"This is the second Dream Live for the third season of TeniMyu and is the twelfth Dream Live overall. It featured casts from Yamabuki, Hyotei and Rokkaku, as well as the ninth-generation Seigaku cast."
702976,Don Pasquale - Palais Garnier,2018-06-06,8.0,15.76,IT,"“Foolish indeed is he who marries in old age.” Thus ends Don Pasquale: with a wise dictum not lacking in irony that sums up the disappointments of its hero, a rich bachelor keen to marry who is deceived by his nephew Ernesto and his young bride-to-be Norina. First performed in Paris in 1843, at the turning point of several eras, Don Pasquale, a composite and varied work, is the apotheosis of opera buffa. Performed for the first time at the Paris Opera, the production has been entrusted to the Italian director, Damiano Michieletto, who transports us directly to the sincerity and dramatic splendour at the heart of an apparently light‑hearted work."
842028,Tarzan and the Four O'Clock Army,1968-03-01,0.0,15.74,EN,Tarzan has to deal with slave traders who are making raids into African villages to get slaves.
340648,Sisters of the World Unite,1991-12-05,0.0,15.72,CN,Two sisters seek diversion after repeat disappointments with men.
752988,Happiness À La Mode,1919-06-15,0.0,15.7,EN,"Easygoing Barbara Townsend is never jealous and allows her husband, Richard (Harrison Ford), to come and go as he pleases. Townsend, however, takes her considerate nature as neglect and he believes that Barbara has ceased to love him. Vampy Dorothy Mitchell convinces Townsend that he should seek a divorce, which he does, and Barbara is too proud to object."
416618,Así de grandes son las ideas,2014-09-16,2.0,15.69,ES,"Sometime in the future, an old man, equipped with the benefits of evolution, survived the extinction of all other living beings. It is a very lonely world for someone unable to die."
829557,365 Days: This Day,2022-04-26,5.9,15.68,PL,"Laura and Massimo are back and hotter than ever. But the reunited couple's new beginning is complicated by Massimo’s family ties and a mysterious man who enters Laura’s life to win her heart and trust, at any cost."
236859,We Refuse to Die,1942-10-22,7.0,15.66,EN,1942 Oscar nominated documentary
98,Gladiator,2000-05-04,8.2,15.66,EN,"After the death of Emperor Marcus Aurelius, his devious son takes power and demotes Maximus, one of Rome's most capable generals who Marcus preferred. Eventually, Maximus is forced to become a gladiator and battle to the death against other men for the amusement of paying audiences."
527196,Jie Jie,2018-05-04,0.0,15.66,ZH,"Embarrassed by her un-American look, a young girl betrays her younger sister during their first Sunday at a Chinese-American church."
73246,All Star Comedy Jam: Live from Dallas,2010-10-05,1.0,15.64,EN,"Academy Award winner and one of the Original Queens of Comedy, Mo'Nique rules the stage as host of the 3rd installment in Shaquille O'Neal's All Star Comedy Jam concert series. Filmed in front of a live audience during the 2010 NBA All-Star Weekend in Dallas Texas, comedy queen Mo'Nique leads ... her court with some of the industry's most talented and sought after comedians. No topic is off limits on this night at AEG's Nokia Theatre stage. Seasoned comedians, Paul Mooney, Corey Holcomb, George Willborn and Michael Blackson deliver side busting, non-stop laughs in this energetic and memorable night of comedy."
474350,It Chapter Two,2019-09-04,6.8,15.61,EN,"27 years after overcoming the malevolent supernatural entity Pennywise, the former members of the Losers' Club, who have grown up and moved away from Derry, are brought back together by a devastating phone call."
109439,The Hangover Part III,2013-05-23,6.2,15.61,EN,"This time, there's no wedding. No bachelor party. What could go wrong, right? But when the Wolfpack hits the road, all bets are off."
391749,Once Upon a Time in Amritsar,2016-06-10,6.0,15.61,PA,"Once Upon a Time in Amritsar is an upcoming punjabi action drama film,directed By Harjit Singh Ricky,The star cast of the Film Dilpreet Dhillon, Gurjind Maan, Farida Jalaal, Pavan Malhotra, B.N. Sharma, Shivendra Mahal, Asish Duggal, Prince Kanwaljit Singh, Sonia Kaur, Vishakha Thakur"
126185,Tres dies amb la família,2009-06-26,6.4,15.58,CA,"Three Days with the Family deals with the relationship between three brothers and one sister, and with their wives and children, whose father has just died. They don't see each other often, and their different opinions about common problems soon become a problem itself."
1025527,Abyss,2024-12-11,5.9,15.57,FR,"11 years ago, inspector Malik couldn’t solve a kidnapping case and a little girl died. Now with only a few days before the crime gets classified, he decides to reopen the case. Malik owes it to the mother and to himself. As he digs into the past, a child is kidnapped again. The pattern is the same one as a decade ago, it’s no coincidence. Malik knows he has a few days to make things right and to bring justice."
436270,Black Adam,2022-10-19,6.8,15.55,EN,"Nearly 5,000 years after he was bestowed with the almighty powers of the Egyptian gods—and imprisoned just as quickly—Black Adam is freed from his earthly tomb, ready to unleash his unique form of justice on the modern world."
385095,Damned City!,1954-02-28,8.0,15.53,ES,"A humble provincial writer who wants to publish his first book offers it to a film producer who is looking for locations for a film at that time. The novelist's family then moves to the big city, where they will have to face many adversities that will make them wish they had never left their village."
1290190,Lokah Chapter 1: Chandra,2025-08-28,7.4,13.88,ML,"The story follows Chandra , a mysterious, goth-influenced woman who has just moved to Bangalore and begins working night shifts at a café. Across the road from her apartment live Sunny and Venu, two aimless bachelors. Sunny becomes infatuated with Chandra, observing her odd routines, strange visitors, and reclusive nature. Their dynamic changes when Sunny gets a glimpse of Chandra in her act."
357170,The Birds of Anger,2011-09-01,7.0,13.16,EN,"The best-selling mobile game, Rovio's ""Angry Birds"", told in the style of Alfred Hitchcock's 1963 classic ""The Birds""."
40924,Doña Herlinda and Her Son,1985-11-11,5.1,13.24,ES,"A manipulative mama deftly manages the life of her homosexual son so that he can have his cake and eat it too. A woman of means, she does this by allowing her son, a doctor, to tryst in her home with his lover. Putting her son's happiness above all else, she then arranges a marriage of convenience to a woman."
150540,Inside Out,2015-06-17,7.9,16.79,EN,"When 11-year-old Riley moves to a new city, her Emotions team up to help her through the transition. Joy, Fear, Anger, Disgust and Sadness work together, but when Joy and Sadness get lost, they must journey through unfamiliar places to get back home."
862576,Too Soon: Comedy After 9/11,2021-09-11,5.0,13.25,EN,"From the immediate aftermath of 9/11 to today stand-up comedians, talk-show hosts, sketch performers, television animators and other entertainers have used often-controversial jokes to unite and heal in the face of tragedy."
1246197,A New Approach to Hong Kong,1982-01-01,0.0,13.17,EN,"A look at British involvement in the construction of the new double-track railway from Kowloon, on Hong Kong's harbour, to the Chinese border."
85600,Blood Debts,1985-01-30,3.8,12.46,EN,"It started with the rape of his daughter, then the killing of her boyfriend. He takes the law into his own hands and has his revenge. Branded as a vicious killer by the underworld, the syndicate blackmails him into becoming their hitman. As he gets more and more tied up in the world of drugs, prostitution and death, he decides he wants out. No one gets out of the syndicate alive. It then becomes a battle for survival, him against them in a desperate act of street warfare. His life is his prize."
387740,"Anger, Also Known As Sheol",2019-03-12,0.0,13.08,ES,"A woman who escapes an overwhelming reality into a world of nightmares, by eating the forbidden fruit of Paradise's Tree of Eternal Life; a very frustrated man, both in his professional and love life, whose serial killer dreams may become a reality; and an autobiographical documentary on the director's healing process of a terminal cancer. A film divided in three chapters: heaven, hell and the world."
1242011,Together,2025-07-28,7.1,14.08,EN,"Years into their relationship, Tim and Millie find themselves at a crossroads as they move to the country, abandoning all that is familiar in their lives except each other. With tensions already flaring, a nightmarish encounter with a mysterious, unnatural force threatens to corrupt their lives, their love, and their flesh."
218,The Terminator,1984-10-26,7.7,16.11,EN,"In the post-apocalyptic future, reigning tyrannical supercomputers teleport a cyborg assassin known as the ""Terminator"" back to 1984 to kill Sarah Connor, whose unborn son is destined to lead insurgents against 21st century mechanical hegemony. Meanwhile, the human-resistance movement dispatches a lone warrior to safeguard Sarah. Can he stop the virtually indestructible killing machine?"
264489,Eine hübscher als die andere,1961-05-18,2.8,13.09,DE,
137703,Secret Executioners,1982-03-18,4.0,13.25,KO,"The story centres around various gang related tribulations plus a long running feud between a scruffy looking detective who spends the entire film shivering as though suffering from Heroin withdrawal symptoms(!) and Hwang who plays his old friend who has clearly landed on the wrong side of the tracks as it were and is now head of a gang called the Yellow Tigers. Throw into this mix a sub plot involving the lucrative ownership of a night club, a woman searching for her missing sister and of course the newly edited in footage which details the hired goons fighting on behalf of the gangs"
476255,La ruta de los narcóticos,1963-07-03,0.0,13.29,ES,
231805,Puro siccome un angelo papà mi fece monaco... di Monza,1969-11-06,8.5,13.06,IT,"A noble family assigns their younger son to the convent. The youngster has an affair with a novice, who becomes pregnant. The brothers, exasperated by his arrogance, denounce him to the Inquisition. As a punishment, the boy is walled up alive and released after fifty years. Due to a mysterious miracle, however, he remained as he is, just like the novice he impaled."
1009640,Valiant One,2025-01-30,6.7,15.1,EN,"With tensions between North and South Korea, a US helicopter crashes on the North side. The survivors must work together to protect a civilian tech specialist and find their way out without the help of US military support."
447916,The Truth About Love Is...,2017-03-30,5.5,13.27,IT,"Dora, raises her two children with the help of her eccentric family, free-spirited best friend, and a charming poet-turned- nanny."
453099,Youth A Go Go!,1966-03-27,0.0,13.05,JA,"Kenichi and Satoru join up with three other electric music lovers to form their own band, ""The Young and Fresh."""
823464,Godzilla x Kong: The New Empire,2024-03-27,7.1,14.93,EN,"Following their explosive showdown, Godzilla and Kong must reunite against a colossal undiscovered threat hidden within our world, challenging their very existence – and our own."
14160,Up,2009-05-28,8.0,15.0,EN,"Carl Fredricksen spent his entire life dreaming of exploring the globe and experiencing life to its fullest. But at age 78, life seems to have passed him by, until a twist of fate (and a persistent 8-year old Wilderness Explorer named Russell) gives him a new lease on life."
256407,El aviador fenómeno,1961-08-09,5.0,13.11,EN,Various murders are examined by a private investigator.
481350,Back Street,1973-03-09,0.0,15.3,ZH,Two rival street gangs from Kowloon go to war over turf and bar girls so as to dominate the area and maximize their takings; however things go from bad to worse as the girls start to get involved in the bloody feud.
1599078,Marcello Hernández: American Boy,2026-01-07,6.6,14.63,EN,"Filmed in Miami, Hernández's special features his comedic take on his first-generation American upbringing before a local audience."
297762,Wonder Woman,2017-05-30,7.2,15.84,EN,An Amazon princess comes to the world of Man in the grips of the First World War to confront the forces of evil and bring an end to human conflict.
203101,High School of the Dead: Drifters of the Dead,2011-04-25,7.4,15.27,JA,"In their efforts to find a safe haven from the zombie apocalypse, the gang find themselves on a deserted island. Now, they take advantage of the momentary respite to enjoy some surf, sand and bathing suits!"
10437,The Muppet Christmas Carol,1992-12-11,7.4,14.29,EN,"A retelling of the classic Dickens tale of Ebenezer Scrooge, miser extraordinaire. He is held accountable for his dastardly ways during night-time visitations by the Ghosts of Christmas Past, Present and Future."
985939,Fall,2022-08-11,7.1,12.27,EN,"For best friends Becky and Hunter, life is all about conquering fears and pushing limits. But after they climb 2,000 feet to the top of a remote, abandoned radio tower, they find themselves stranded with no way down. Now Becky and Hunter's expert climbing skills will be put to the ultimate test as they desperately fight to survive the elements, a lack of supplies, and vertigo-inducing heights."
276382,MacShayne: Final Roll of the Dice,1994-04-29,6.0,15.26,EN,"Reformed con man Jack MacShayne is back, this time as the head of security at the Las Vegas hotel he stayed at in MacShayne: Winner Takes All. As part of his new job, he's charged with protecting a variety of distinguished guests, from the kleptomaniac grandson of the hotel's CEO to the lounge singer whose ex-husband shows up dead. Meanwhile, a senatorial candidate is relying on MacShayne to keep him safe from a deadly hit man."
1224953,A Hero's Journey: The Making of Percy Jackson and the Olympians,2024-01-30,6.1,13.19,EN,"Alongside a passionate cast and crew, follow Walker Scobell, Leah Sava Jeffries and Aryan Simhadri as they step into worlds fit for gods, battle unforgettable creatures, and perform legendary stunts."
996658,All Jacked Up and Full of Worms,2022-07-16,4.4,12.95,EN,A maintenance man for a seedy motel embarks on a path of self-destruction through the alleyways of Chicago after he discovers a hidden stash of powerful hallucinogenic worms.
329619,El jardín de los cerezos,1978-08-31,5.0,9.87,EN,"Aristocratic family in decline, ascendency of a new moneyed class."
391364,Virgin Sniper,1997-10-10,1.0,13.15,JA,"Toranaga is a good-for-nothing loser. However, he also happens to be the last remaining direct descendant of Shogun Tokugawa Ieyasu. When a mysterious ninja threatens Toranaga’s life, the great ninja Hattori Hanzo is hired to protect him. However, it seems that there are a bunch of female ninjas aching to have sex with Toranaga and take his sperm! Now Hanzo must fight for Toranaga’s most precious possession against the leader of the ninjas, Neneko, who bears a centuries-old grudge."
82372,Medicine Italian Style,1969-12-19,6.5,15.21,IT,Story of an ambitious young doctor through unethical means intend to make a quick career. Now is primary in a luxury clinic where administers the sick with the same cynicism of his young years.
749170,Heads of State,2025-06-24,6.8,14.47,EN,"The UK Prime Minister and US President have a public rivalry that risks their countries' alliance. But when they become targets of a powerful enemy, they're forced to rely on each other as they go on a wild, multinational run. Allied with Noel, a brilliant MI6 agent, they must find a way to thwart a conspiracy that threatens the free world."
804210,Three Men Named Mantas,2020-09-17,0.0,12.98,PT,
718838,Mothering Sunday,2021-11-12,5.4,16.64,EN,"On a warm spring day in 1924, house maid and foundling Jane Fairchild finds herself alone on Mother's Day. Her employers, Mr. and Mrs. Niven, are out and she has the rare chance to spend quality time with her secret lover. Paul is the boy from the manor house nearby, Jane's long-term love despite the fact that he's engaged to be married to another woman, a childhood friend and daughter of his parents' friends. But events that neither can foresee will change the course of Jane's life forever."
578,Jaws,1975-06-20,7.7,14.57,EN,"When the seaside community of Amity finds itself under attack by a dangerous great white shark, the town's chief of police, a young marine biologist, and a grizzled shark hunter embark on a desperate quest to kill the beast before it strikes again."
1011985,Kung Fu Panda 4,2024-03-02,7.0,14.94,EN,"Po is gearing up to become the spiritual leader of his Valley of Peace, but also needs someone to take his place as Dragon Warrior. As such, he will train a new kung fu practitioner for the spot and will encounter a villain called the Chameleon who conjures villains from the past."
244786,Whiplash,2014-10-10,8.4,14.4,EN,"Under the direction of a ruthless instructor, a talented young drummer begins to pursue perfection at any cost, even his humanity."
372882,Perpétuo Contra o Esquadrão da Morte,1967-12-16,0.0,15.17,PT,"Inspired by the life of one of the most famous policemen in the history of Brazil: detective Perpétuo de Freitas, immortalized in the annals of Brazilian criminal history for relentlessly pursuing and without the slightest assistance of the Rio police force one of the most wanted criminals in the country."
194,Amélie,2001-04-25,7.9,16.08,FR,"At a tiny Parisian café, the adorable yet painfully shy Amélie accidentally discovers a gift for helping others. Soon Amelie is spending her days as a matchmaker, guardian angel, and all-around do-gooder. But when she bumps into a handsome stranger, will she find the courage to become the star of her very own love story?"
688509,E Non Se Ne Vogliono Andare!,1988-05-01,0.0,11.94,IT,
252750,It's Gonna Get Worse,2007-05-30,4.2,12.89,CS,"""Sex, drugs and rock and roll"", not in the West but in a Communist police state - Soviet-occupied Czechoslovakia of the 1970s . Anti-hero Olin, 21, has just left a mental hospital, after having slashed his wrists to dodge military service. His prominence in the underground scene of youthful revolt makes him an increasing target for the forces of order. Eventually he is on the run, determined to cross the frontier to the ""West"" he dreams of."
133493,"Aquí, el que no corre... vuela",1992-03-25,3.7,12.85,ES,"Lola, a member of a gang of crooks, is visited by a cousin who comes to work in a multinational."
236856,The Price of Victory,1942-12-03,6.0,12.84,EN,"U.S. Vice-President Henry Wallace narrates a patriotic, propaganda short designed to boost morale in the the early days of World War II."
78395,Alice Cooper: Halloween Night of Fear,2011-10-29,5.5,12.83,EN,"Alice Cooper once again takes control of Halloween this year, bringing all the thrills, blood spills, guts and gore we can take as Alice Cooper’s Halloween Night Of Fear hits the UK. Alice Cooper's special Halloween show at Alexander Palace, London, UK / 29th Oct 2011."
1250059,A Matter of Life and Death,1991-01-01,0.0,12.87,EN,"Echoing the title of a definitive film in British cinema, A Matter of Life and Death captures an equally definitive reality of British society in the nineties: the scourge of AIDS that cost thousands of people their lives. What’s it like to live and die of a “big illness with a small name”?"
453777,Wong Fei Hung Series : The Headless General,1996-02-17,0.0,12.79,CN,"China was in turmoil during the warlord period. Endless assassinations and brutal killings occured at any time. Ling Siu Sin (Suii Kwan), a homeless girl decided to take retaliation against General Cheng (Chan Yuen) for killing her father. However, she surprisingly found that he was already dead with his head missing. This incident was soon disclosed and everyone was stunned. In order to save the innocence and strike for the righteousness, Wong Fei Hung (Zhao Wen Zhou) and his disciples began to collect the evidence and hence started a fierce battle with the murderer."
503448,"Zorro, the Navarra Marquis",1969-12-23,0.0,12.81,IT,Zorro fights Napoleon's army to help the King of Spain.
251706,The Merry Wives of Windsor,2011-06-27,5.7,12.77,EN,"The fat knight Sir John Falstaff imagines that Mistress Ford and Mistress Page are both taken with him and so, attracted as much by their husbands’ money as their personal charms, he decides to woo them both. But the women are up to the old lecher’s tricks and turn the tables on him with a series of humiliating assignations, midnight terrors and a very damp, extremely smelly laundry basket.  Gutsy, colloquial and bustling with vivid characters, The Merry Wives of Windsor is a brilliantly constructed farce and the only comedy Shakespeare set in his native land. It is also the ancestor of English bourgeois comedy and gave birth to a tradition that reaches down to the modern TV sitcom. The production made merry with the relationship between the life of middle-class Elizabethan England and the late medieval period in which the play is set."
157911,Do You Have a Licence to Save this Planet?,2001-01-01,5.5,12.99,EN,The time traveling Foot Doctor discovers that the Cyberons and Autons are ineffectually trying to invade the Earth yet again. Can he and a helpful salesman save the day or will his arch enemy The Licensor defeat him for good?
1252309,Ask Me What You Want,2024-11-29,6.1,14.65,ES,"After his father's death, Eric Zimmerman travels to Spain to oversee his company's branches. In Madrid, he falls for Judith and engage in an intense, erotic relationship full of exploration. However, Eric fears his secret may end their affair."
646315,The Legendary Lighter,2019-10-29,6.0,15.64,KO,A man who used to be called Lighter cleans up his act from his days as a gangster and struggles to start over.
332911,Si ça peut vous faire plaisir,1948-09-01,6.5,12.81,FR,"Gonfaron is barking at the auction of Cassis. He accepted with good heart to believe that he was the proud custodian of the jackpot of the National Lottery , to avoid marital trouble his friend Viala, which is the real winner with his mistress Ginette . Millionaire become false as false Ginette lover until one day."
500363,Get Up and Go,2017-06-23,0.0,12.84,EN,Description by Ken Jacobs:  Get Up and Go is a glimpse given dimension. No day is complete without a visit to Chinatown and on this day my movie camera caught a woman rising from a bench. That’s all (the obvious influence is James Joyce's Ulysses). Malcolm Goldstein’s violin takes us to the edge.
375548,Once a Year Can't Hurt,2014-12-25,5.5,12.8,ES,"It tells the story of a university student who makes a documentary to find out if Colombia is a country of drinkers or not. In the midst of everyday and comic situations, the young man will obtain interesting and entertaining material for his research."
319506,Crimson Street,1982-11-18,0.0,12.83,CN,"Sally (Sally Yeh) is a club singer, caught in a love rectangle between three men: Stone (Kenny Bee), a bank robber newly released from prison, club owner Paul King (Michael Chan Wai-Man) and Pow (Melvin Wong), a policeman."
272,Batman Begins,2005-06-10,7.7,13.07,EN,"Driven by tragedy, billionaire Bruce Wayne dedicates his life to uncovering and defeating the corruption that plagues his home, Gotham City.  Unable to work within the system, he instead creates a new identity, a symbol of fear for the criminal underworld - The Batman."
246702,"Bestiary, or the Parade of Orpheus",1995-01-01,4.5,12.8,PT,One of the adventures of João de Deus.
1282440,Happy Patel: Khatarnak Jasoos,2026-01-16,0.0,15.53,HI,"Happy Patel, a chronically unsuccessful MI7 operative, is finally assigned a mission in Goa, where he uncovers his Indian roots and must rescue a high-profile scientist from crime lord Mama. Unaware of his Indian heritage and armed with a comically British accent, Happy’s blunders trigger a string of chaotic mishaps that could lead him to expose a criminal network."
292200,The Sheriff's Strange Son,1986-06-05,5.9,12.82,ES,"In a small western town, a father obliges a doctor to separate two conjoined twins in a very hazardous operation. One of the children dies but years after seems to have survived as his brother's second personality."
415472,La sorprendente eredità del tontodimammà,1977-09-10,2.0,15.0,IT,italian movie
809710,Curly Takes a Bath by the Sea,2020-04-07,0.0,14.99,EN,"a serene and endearing cat-cam video, made during lockdown and scored by Bill Frisell."
428624,The Fiberglass Chairs: Something of How They Get the Way They Are,1970-01-01,6.0,14.97,EN,"The process of manufacturing fiberglass chairs is shown through visuals only, with no narration."
1496466,Musical The Prince Of Tennis Ⅱ: Revolution Live 2022,2022-10-06,0.0,14.97,JA,"Featuring the cast of First stage and Second stage, this is the first concert of the New Prince of Tennis live action musical adaption."
355778,Jan Švankmajer: The Animator of Prague,1990-06-02,7.0,14.97,EN,"This half-hour BBC documentary offers a revealing look at Svankmajer at work on ""Death of Stalinism in Bohemia,"" and uses excerpts from his earlier films to trace the development of his unique sensibility."
1058942,"Tryo, le concert des XXV ans à l'Accor Arena",2022-12-07,8.0,14.97,FR,
304821,"Jesús Monzón, el líder olvidado por la historia",2011-04-14,0.0,14.96,ES,
446807,The Girl in the Spider's Web,2018-10-25,6.2,14.96,EN,"After being enlisted to recover a dangerous computer program, hacker Lisbeth Salander and journalist Mikael Blomkvist find themselves caught in a web of spies, cybercriminals and corrupt government officials."
1025249,A Go-Go Teenager,1966-05-31,0.0,14.96,CN,"Two orphan boys indulge in petty theft after the war. One, Chow, is caught but gets adopted by a policeman. He turns out a solid young citizen. Lee, the boy who escapes, grows up to be a triad. When the two re-meet, Lee is attracted to Chow’s stepsister. Some years later, Chow is now a cop and vows to smash Lee’s gang. After a struggle with his conscience, Lee agrees to help."
657323,Cinema of Decay: The Films of Bill Morrison,2017-12-11,7.0,14.96,EN,"This documentary focuses on the artistry of director Bill Morrison, who leverages decaying film stock from years past to tell new stories that are relevant to today's audiences. The decaying film lends brilliant visuals which add to Morrison's concept of storytelling."
18785,The Hangover,2009-06-02,7.3,14.95,EN,"When three friends finally come to after a raucous night of bachelor-party revelry, they find a baby in the closet and a tiger in the bathroom. But they can't seem to locate their best friend, Doug – who's supposed to be tying the knot. Launching a frantic search for Doug, the trio perseveres through a nasty hangover to try to make it to the church on time."
862699,Hypnosis Mic: Division Rap Battle - Rule the Stage -track.3-,2021-05-12,0.0,14.95,EN,"Footage release of stage play ""Hypnosis Mic -Division Rap Battle-: Rule the Stage -track.3-"" held in October 2020 at Tokyo Dome City Hall.  Special Feature / Bonus Track: Curtain Call, Special Talk Session & Documentary"
410323,Neruppu Da,2017-09-08,4.8,14.93,TA,"Guru and his friends' ambition is to become firemen, but a run in with a gangster threatens to bring their dream crashing down."
210577,Gone Girl,2014-10-01,7.9,14.9,EN,"With his wife's disappearance having become the focus of an intense media circus, a man sees the spotlight turned on him when it's suspected that he may not be innocent."
1156593,Your Fault,2024-12-26,7.1,14.9,ES,The love between Noah and Nick seems unwavering despite their parents' attempts to separate them. But his job and her entry into college open up their lives to new relationships that will shake the foundations of both their relationship and the Leister family itself.
1124715,"Generation Z - Die Mädchen, die Träume und der Tod",2020-01-01,0.0,14.89,DE,A poetic trip to the dreams and nightmares of Generation Z.
9502,Kung Fu Panda,2008-06-04,7.3,14.89,EN,"When the Valley of Peace is threatened, lazy Po the panda discovers his destiny as the ""chosen one"" and trains to become a kung fu hero, but transforming the unsleek slacker into a brave warrior won't be easy. It's up to Master Shifu and the Furious Five -- Tigress, Crane, Mantis, Viper and Monkey -- to give it a try."
503078,Mise en scène with Arthur Penn (a conversation),2016-08-27,0.0,14.87,IT,"The life and work of Arthur Penn, whose films like ""Bonnie and Clyde"" helped shape the conversation around violence in America and its movies."
1330022,Setting Fires for Science,1958-01-01,0.0,14.87,EN,"This film shows the scientific study of fires set to buildings in Aultsville, Ontario, a town evacuated for flooding by the St. Lawrence Seaway. Scientists at Canada's National Research Council devised instruments for recording the progress of a fire in all its stages, to help the country's fire fighters lessen fire's tragic toll."
1276051,Dream Video Division Presents The Human Experience,2024-04-20,0.0,14.87,EN,A journey from birth to death through the lens of 15 different filmmakers in this experimental anthology film.
170,28 Days Later,2002-10-31,7.2,14.78,EN,"Twenty-eight days after a killer virus was accidentally unleashed from a British research facility, a small group of London survivors are caught in a desperate struggle to protect themselves from the infected. Carried by animals and humans, the virus turns those it infects into homicidal maniacs -- and it's absolutely impossible to contain."
466806,A Pinto for the Prince,1979-01-01,0.0,12.84,EN,"In 1977, Prince Charles was inducted as honorary chief of the Blood Indians on their reserve in southwestern Alberta. The ceremony, conducted in the great Circle of the Sun Dance, commemorated the centennial anniversary of the original signing of Treaty 7 by Queen Victoria."
55960,"Toto, Peppino, and the Hussy",1956-08-23,8.0,12.87,IT,"Antonio, Peppino and Lucia are three brothers who live in the country near Naples. Lucia's son, Gianni, goes to Naples to study medicine, but there he knows a ballet dancer. They fall in love and, when she goes to Milan, Gianni follows her. Informed of this and afraid that their nephew will stop studying, the three Caponi brothers leave for Milan to persuade Gianni to come back and continue studying and abandon the ""Malafemmina"" (bad girl)."
1273189,Every Dream is a Child with Teeth,2017-06-01,0.0,12.7,EN,A young girl journeys into her own lucid dream where she magically grows a mysterious creature and discovers the boundless possibilities of her own imagination.
762509,Mufasa: The Lion King,2024-12-18,7.3,14.74,EN,"Mufasa, a cub lost and alone, meets a sympathetic lion named Taka, the heir to a royal bloodline. The chance meeting sets in motion an expansive journey of a group of misfits searching for their destiny."
438156,The Shadow of Egypt,1924-11-01,0.0,12.87,EN,"A European adventurer tries to steal from an ancient Egyptian tomb, only to become afflicted by a mysterious curse..."
278276,The Fantasy of Deer Warrior,1961-09-09,6.0,12.7,ZH,"The happy lives of animals in the forest are stirred by the sudden attack of a pack of wolves. Uncle Deer comes to the rescue, and asks Birdy to notify his son, the Deer Warrior. Deer and his rival, Sika Deer fight for the love of Miss Deer while Foxy mingles with the leader of the wolves, desiring to be the prettiest in the land. A truly bizarre family (?) film from critic and pioneer Chang Ying."
177572,Big Hero 6,2014-10-24,7.7,14.53,EN,"A special bond develops between plus-sized inflatable robot Baymax, and prodigy Hiro Hamada, who team up with a group of friends to form a band of high-tech heroes."
1219620,All That's Left of You,2025-09-25,8.1,13.89,AR,"In the Occupied West Bank of the 1980s, a Palestinian teenager is swept into a protest that changes the course of his family's life. Reeling from its aftermath, his mother, Hanan, shares the story that led them to that fateful moment. Spanning seven decades, this epic drama traces the hopes and heartaches of one uprooted family, revealing not only the scars of displacement, but the unbreakable spirit of survival."
1339153,MLB Network Presents: One of a Kind,2024-08-25,0.0,12.87,EN,"One of a Kind uncovers how Maddux was able to achieve one of baseball’s most-decorated and consistently successful careers, serving as the only pitcher in history to amass 300 wins, 3,000 strikeouts and fewer than 1,000 walks."
936108,Smurfs,2025-07-05,5.9,14.53,EN,"When Papa Smurf is mysteriously taken by evil wizards, Razamel and Gargamel, Smurfette leads the Smurfs on a mission into the real world to save him. With the help of new friends, the Smurfs must discover what defines their destiny to save the universe."
483644,Of Bloody Peony at Night,1982-01-01,0.0,12.48,ZH,Taiwanese thriller.
1588846,Ekis,2025-12-19,7.3,15.21,TL,"Erik Matti’s classic Ekis gets a bold reboot with an all-girls ensemble led by Angela Morena, Cheena Dizon, and Aliya Raymundo. A crew of female thugs launches a kidnap-for-ransom plot, but when things go wrong, escaping the chaos becomes impossible."
447365,Guardians of the Galaxy Vol. 3,2023-05-03,7.9,14.67,EN,"Peter Quill, still reeling from the loss of Gamora, must rally his team around him to defend the universe along with protecting one of their own. A mission that, if not completed successfully, could quite possibly lead to the end of the Guardians as we know them."
60426,Como matar a papá... sin hacerle daño,1975-01-13,2.5,12.58,ES,
1186350,Marco,2024-12-20,6.6,14.37,ML,"The adoptive son of the Adattu family, Marco, sets off on a ruthless quest for vengeance after his brother is brutally murdered, finding only betrayal, loss and unimaginable brutality at every step."
1070289,Won in the Fifth,1910-09-01,0.0,10.52,EN,"He has fought his last fight and the prize-ring will know the old pugilist no more. Knocked out by an organic disease, he is in a bad way not only physically but financially. He has an interesting daughter, a bright boy and a good wife who are well thought of by the people of the neighborhood in which they live, among whom is a young minister. The doctor who attends the old boxer sees that nothing but a complete change to some warmer climate will benefit the patient and also recognizes that under the circumstances the change would be impossible unless someone comes to his assistance with the necessary money to defray the expense. The physician writes a note to the young clergyman telling him of his diagnosis of the case and his conclusions. The young divine hastens to see the sick man."
414906,The Batman,2022-03-01,7.7,15.93,EN,"In his second year of fighting crime, Batman uncovers corruption in Gotham City that connects to his own family while facing a serial killer known as the Riddler."
14836,Coraline,2009-02-05,7.9,15.28,EN,"Wandering her rambling old house in her boring new town, 11-year-old Coraline discovers a hidden door to a strangely idealized version of her life. In order to stay in the fantasy, she must make a frighteningly real sacrifice."
54448,"La différence, c'est que c'est pas pareil",2009-05-20,5.0,12.56,FR,"After several years in the United States, Sylvain heads back to France to attend his grandson’s christening. He wastes no time trying to catch up with his ex-wife and their children, but not everyone is pleased by his unexpected return..."
425,Ice Age,2002-03-14,7.4,14.74,EN,"Manny the mammoth, Sid the loquacious sloth, and Diego the sabre-toothed tiger go on a comical quest to return a human baby back to his father, across a world on the brink of an ice age."
293660,Deadpool,2016-02-09,7.6,14.74,EN,"The origin story of former Special Forces operative turned mercenary Wade Wilson, who, after being subjected to a rogue experiment that leaves him with accelerated healing powers, adopts the alter ego Deadpool. Armed with his new abilities and a dark, twisted sense of humor, Deadpool hunts down the man who nearly destroyed his life."
771981,Violencia en la Obscuridad,1995-01-01,5.0,14.73,ES,
329757,Crossing the Line to Broadway,2015-08-01,7.0,14.71,EN,"A Fan Made Feature from the Director of 'Bring It On: A Tribute to Broadway' (Christopher D. Robinson)  The epic journey of 'Bring It On' The Musical making it's Broadway debut in celebration of it's upcoming Broadway Anniversary month (August 1, 2015)"
63179,Toto the Sheik,1950-11-30,6.7,14.69,IT,"Antonio is the humble servant of a rich family governed by the Marquis Gastone. He is a young man madly in love with Lulu, but she betrays him, and he desperately enlist in the foreign legion."
1084199,Companion,2025-01-22,7.0,14.68,EN,"During a weekend getaway at a secluded lakeside estate, a group of friends finds themselves entangled in a web of secrets, deception, and advanced technology. As tensions rise and loyalties are tested, they uncover unsettling truths about themselves and the world around them."
1006699,Vor Gericht seh'n wir uns wieder - Skurriles aus dem schönen Wien,1978-12-01,0.0,14.67,DE,
228150,Fury,2014-10-15,7.5,14.66,EN,"April, 1945. As the Allies make their final push in the European Theatre, a battle-hardened army sergeant named Wardaddy commands a Sherman tank and her five-man crew on a deadly mission behind enemy lines. Outnumbered and outgunned, and with a rookie soldier thrust into their platoon, Wardaddy and his men face overwhelming odds in their heroic attempts to strike at the heart of Nazi Germany."
310006,A Mission to Kill,2003-08-15,0.0,14.63,EN,"His activities in Viet Nam would be denied by the U S Government. Only two others providing similar service returned to the states. Now he's getting mental help in a military institution, escapes, and must be recaptured."
536040,Behind a Portrait. The Italian Treasures from Accademia Carrara,2025-05-28,0.0,14.63,IT,"Art documentary about the Accademia Carrara gallery, which reopened in 2015 after seven years of extensive restoration."
403210,El que con niños se acuesta...,1959-06-21,6.0,14.63,ES,"Chón is rejected by his girlfriend Rosario's parents, so they both escape to the capital in search of his friend Manny, a millionaire philanthropist, who helps him but makes him adopt four children from his orphanage."
466553,Sex Variation,1972-06-11,2.0,14.62,JA,Documentary
449384,As a Boy Dreams,1911-08-13,4.0,14.62,EN,A cabin-boy gets to take center stage during a riotous adventure story involving mutineers and pirates and buried treasure.
8966,Twilight,2008-11-20,6.3,14.61,EN,"When Bella Swan moves to a small town in the Pacific Northwest, she falls in love with Edward Cullen, a mysterious classmate who reveals himself to be a 108-year-old vampire. Despite Edward's repeated cautions, Bella can't stay away from him, a fatal move that endangers her own life."
1002590,"Asawa Mo, Kalaguyo Ko",1980-07-26,5.0,14.61,EN,"A 1980 pene movie from Bathaluman Productions. Original title Asawa Mo, Kalaguyo Ko."
772,Home Alone 2: Lost in New York,1992-11-15,6.8,14.61,EN,"Instead of flying to Florida with his folks, Kevin ends up alone in New York, where he gets a hotel room with his dad's credit card—despite problems from a clerk and meddling bellboy. But when Kevin runs into his old nemeses, the Wet Bandits, he's determined to foil their plans to rob a toy store on Christmas Eve."
321612,Beauty and the Beast,2017-03-16,7.0,14.6,EN,A live-action adaptation of Disney's version of the classic tale of a cursed prince and a beautiful young woman who helps him break the spell.
339307,El rápido de las 9.15,1941-09-11,5.3,14.6,ES,Every passenger boarding The Express has a story.
4935,Howl's Moving Castle,2004-09-09,8.4,14.59,JA,"Sophie, a young milliner, is turned into an elderly woman by a witch who enters her shop and curses her. She encounters a wizard named Howl and gets caught up in his resistance to fighting for the king."
198100,Vorzimmer zur Hölle III - Plötzlich Boss,2013-04-25,5.2,14.59,DE,
264955,Wo der Wildbach durch das Höschen rauscht - Witwen-Report,1974-09-27,4.2,12.34,DE,"In the diary of the late mayor finds his virtuous widow evidence how wild it really driving the good citizens of the town. That there is just here in their quiet small Upper Bavarian village much Swap and let some of the meaning joyful women burn anything that angered not only the Mayor's widow but also the village priest. But the cesspool goes much, much deeper ..."
94716,A Cottage on Dartmoor,1929-10-01,7.2,9.62,EN,A jealous barber's assistant becomes enraged by the attentions the manicurist he's obsessed with and a repeat customer pay to one another.
254132,Los nietos de Don Venancio,1946-06-13,5.3,11.81,ES,
921097,Dans les secrets de l'expo Vercingétorix,2021-12-28,0.0,14.54,FR,
392134,La cosa está pelúa 3D,2009-09-25,0.0,10.96,ES,"After a brief hiatus, Luis Raúl returned in 2009 with another stand-up comedy tour titled ""La cosa está peúla 3D"" (""Times are Hairy 3D"")."
10977,Zur Hölle mit den Paukern,1968-04-03,5.9,12.47,DE,"Pepe Nietnagel and his fellow students of the Mommsen school come up with all kinds of ideas to get out of doing any actual school work. This includes  simulating suicides, setting off the air-raid sirens and abusing the school director's new broadcasting system. They succeed in sending their teacher to a sanatorium and get a replacement that turns out to not be so bad after all."
1116326,What Dreams May Come,2018-11-07,0.0,9.93,EN,"This is a story between dream and reality, waiting for happiness and living in a prison and finally getting it and breaking free."
530782,We Will Not Die Tonight,2018-08-15,0.0,12.53,TL,"Kray, an underappreciated and underpaid stuntwoman, takes on one last job with her former gang only to be trapped in a hellish underworld."
603692,John Wick: Chapter 4,2023-03-22,7.7,14.22,EN,"With the price on his head ever increasing, John Wick uncovers a path to defeating The High Table. But before he can earn his freedom, Wick must face off against a new enemy with powerful alliances across the globe and forces that turn old friends into foes."
377663,La vida tiene tres días,1955-09-01,5.0,12.35,EN,"Big-city songwriter and small-town music student conduct a romance by mail, then finally meet."
261964,Ist Geraldine ein Engel?,1963-08-29,1.0,12.58,DE,Austrian sex comedy.
1322752,COLORFUL STAGE! The Movie: A Miku Who Can't Sing,2025-01-17,7.6,15.0,JA,"Ichika is a high school musician who can enter a mysterious place called “SEKAI,” where she and her friends express their innermost emotions through music alongside Hatsune Miku. One day after giving a live performance, Ichika meets a new Miku that she has never seen before. No matter how hard this new Miku tries to sing, she struggles connecting with the hearts of her listeners. Miku must rely on the help of others to find a way to sing again."
632691,Diario de el loro y  el cisne,2019-05-03,0.0,14.13,EN,"This film, Diario de el Loro y el Cisne, is one of the results of this process of writing directly over the images and sounds. It is made entirely from discarded material from the film Loro y el Cisne. I'm not entirely sure of the result. The only thing I can say about it is that it's extremely sincere."
950571,The Quiet Epidemic,2022-12-02,9.0,12.64,EN,"A diagnosis of Chronic Lyme disease lands patients in the middle of a contentious medical debate and sparks an explosive investigation dating back to 1975 that shockingly reveals why ticks, and the diseases they carry, have been allowed to spread globally."
456296,En Aaloda Seruppa Kaanom,2017-11-17,6.0,12.48,TA,The adventures of a young man who tries to trace the missing slipper of the girl he is in love with.
103150,Gitana tenías que ser,1953-11-19,7.6,12.27,ES,"Pastora de los Reyes is a beautiful Spanish that goes to Mexico with a contract to film a movie. The main actors will receive her at the airport, among them is Paul, a little-known mariachi that has been chosen to become a new idol. Automatically, both had bad relations and during filming many discussions happens. This arguments gives way to a deep love."
1403352,"For Better, For Worse",1961-01-01,0.0,9.84,EN,Married to your television? This cartoon gives you an opportunity to re-evaluate your relationship with the gogglebox.
111493,R2 y el caso del cadáver sin cabeza,2005-04-01,0.0,12.4,ES,"R2 is going through hard times: his past failures have earned the anger of the Chief Inspector. He finds consolation visiting Didi's bar to cheer listening to music, especially blues. In addition, the Chief Inspector is jealous since he knows that R2 receives letters from the Palacio de la Zarzuela. Aided by his trusty and faithful Inspector Cardenas,he tries to solve all the cases that are presented, using methods rather unorthodox, including the use of disguises. One day, he decides to solve a very interesting case: the blackmail to a rich businessman who is threatened by the kidnapping of his young wife."
1044512,Target Nicaragua: Inside a Covert War,1983-01-01,0.0,11.49,EN,"Traveling through villages along the Nicaraguan-Honduran border, the filmmakers document the impact of the covert war against Nicaragua's Sandinista government, featuring interviews with mercenaries, soldiers, spies and civilian victims."
1426776,STRAW,2025-06-05,7.8,15.22,EN,What will be her last straw? A devastatingly bad day pushes a hardworking single mother to the breaking point — and into a shocking act of desperation.
16261,Repli-Kate,2002-01-29,5.3,11.65,EN,"A scientist and his sidekick accidentally clone a journalist and decide to turn the mistake into Repli-Kate, their idea of the perfect woman, who loves, beer, football, and frat parties."
278075,Da-Yu: The Touch of Fate,2006-11-23,5.0,12.27,ZH,"Da Yu, a 15-year-old boy, wanders aimlessly in the lonely city."
111,Scarface,1983-12-09,8.2,14.37,EN,"After getting a green card in exchange for assassinating a Cuban government official, Tony Montana stakes a claim on the drug trade in Miami. Viciously murdering anyone who stands in his way, Tony eventually becomes the biggest drug lord in the state, controlling nearly all the cocaine that comes through Miami. But increased pressure from the police, wars with Colombian drug cartels and his own drug-fueled paranoia serve to fuel the flames of his eventual downfall."
185600,A Pure Spirit,2004-01-01,4.8,12.49,FR,"On a wintery January afternoon, a girl walks in a park by herself. As groups of boys play football, she strolls about, observing the activities of her fellow park-goers."
727128,The Lady in the Walls,2014-10-27,0.0,12.39,EN,"Three girls who live at a boarding school discover an old fireplace. The youngest of the three, Sammy, is told an old story by the older two about ""The Lady in the Walls."" What started off as ""just a prank"" went further than what these three girls wanted to go."
49051,The Hobbit: An Unexpected Journey,2012-12-12,7.4,15.63,EN,"Bilbo Baggins, a hobbit enjoying his quiet life, is swept into an epic quest by Gandalf the Grey and thirteen dwarves who seek to reclaim their mountain home from Smaug, the dragon."
250043,The Lost Paradise,1985-01-13,6.2,12.36,ES,"This literary film is imbued with the disenchantment of Spanish exiles who left their homes to protest Franco's fascist regime and then returned after its demise to find that democracy had not instilled either ethics or deep motivation in government leaders. Director Basilio Martin Patino presents his story, and a large part of the film is based on his own life, through the experiences of an exiled heroine played by Charo Lopez. She has returned to Spain to look for meaning in her life, something that she never found living in Germany, not even after having a child. She is also in the process of translating the German lyric poet Friederich Holderlin (see the 1985 Halfte Des Lebens) into Spanish, focusing on his epic Hyperion. Excerpts from the translation are voiced over throughout the film. As she looks up old friends from many, many years ago, even those who have achieved worldly success are suffering from the same ennui that propelled her back home."
481533,When Jeff Tried to Save the World,2018-04-16,5.5,12.54,EN,"When Jeff discovers that the bowling alley he manages is being sold, he must do everything he can to save the place he's come to call home."
1299485,Får de komma igen? Om nyfascistica tendenser i Västtyskland,1971-01-01,0.0,12.23,SV,Documentary about the return of fascism in Western Germany.
289291,Billy the Tough and the Cheeky Hares,1964-10-23,1.0,10.75,CS,Ironbark Bill has to fight against some insolent jackrabbits.
1222895,Coming Home: The Dry Storm,2010-01-01,0.0,11.31,EN,"In the wake of Hurricane Katrina the New Orleans City Council decides to demolish public housing leaving thousands of people without homes. Staging a courageous battle that reminds us of how much home means to us all, residents became activists, attracting the attention of international human rights monitors and taking their cause to the highest levels of HUD (Housing and Urban Development Agency) in Washington DC."
1502835,A Very English Exploitation: Inseminoid and the Shock Cinema of Norman J. Warren,2020-03-10,0.0,12.26,EN,"A documentary on the life and career of the legendary British exploitation film director Norman J. Warren, who gained a name for himself in the sexploitation business in the late 1960s before moving into low budget horror pictures in the 1970s and 1980s. Produced for the American release of ""Inseminoid"", which debuted on Blu-Ray in the USA on March, 10th 2020, this extensive documentary draws on hours of footage of Warren and also some of his best known collaborators such as the screenwriter David McGillivray."
56260,"Toto, Fabrizi and the Young People Today",1960-08-18,7.2,12.39,IT,"A boy and a girl fall in love but their fathers take a strong dislike to each other, clashing repeatedly during the preparations for the upcoming marriage."
953,Madagascar,2005-05-25,6.9,13.25,EN,Four animal friends get a taste of the wild life when they break out of captivity at the Central Park Zoo and wash ashore on the island of Madagascar.
279011,Stronger Than the Night,1954-09-24,0.0,12.35,DE,"The story of a resistance fighter in the Nazi era: Communist Hans Löning was arrested in 1933, imprisoned in a concentration camp and tortured. The Gestapo plans to smash the resistance group around Löning. Despite the imminent threat to his life, Löning, together with his wife, organized the passive resistance of the Hamburg workers against the Hitler regime. In 1944, Löning was again taken and killed."
532151,La fierecilla del puerto,1963-03-07,5.0,12.5,ES,"Young love and the obstacles thereunto, in colorful, exotic Veracruz."
675179,"Hipólito, el de Santa",1950-03-04,5.0,14.4,ES,
677557,"Making-of : ""We Should Not Exist""",2007-03-28,0.0,12.17,FR,
517197,The Betty Driver Story,2011-02-01,10.0,12.4,EN,
1513274,Hypnosis Mic: Division Rap Battle - Rule the Stage [Rep LIVE side D.H],2023-11-15,10.0,12.18,JA,Blu-ray release of character rap project “Hypnosis Mic: Division Rap Battle - Rule the Stage [Rep LIVE side D.H]”.
11036,The Notebook,2004-06-25,7.9,15.08,EN,"An epic love story centered around an older man who reads aloud to a woman with Alzheimer's. From a faded notebook, the old man's words bring to life the story about a couple who is separated by World War II, and is then passionately reunited, seven years later, after they have taken different paths."
1235746,Dead of Winter,2025-09-23,6.3,13.02,EN,"A widowed fisherwoman, travelling alone through snowbound northern Minnesota, interrupts the kidnapping of a teenage girl. Hours from the nearest town and with no phone service, she realizes that she is the young girl's only hope."
1167307,David,2025-12-14,8.1,12.29,EN,"From the songs of his mother’s heart to the whispers of a faithful God, David’s story begins in quiet devotion. When the giant Goliath rises to terrorize a nation, a young shepherd armed with only a sling, a few stones, and unshakable faith steps forward. Pursued by power and driven by purpose, his journey tests the limits of loyalty, love, and courage—culminating in a battle not just for a crown, but for the soul of a kingdom."
48299,New Tales of the Flying Fox,1984-04-07,7.7,12.23,CN,"In the great tradition of Hsu Tseng Hung's The Silver Fox and Chang cheh's Lengend of the Fox comes this exciting adventure, where the only thing between all the clan leaders and certain death is one young woman."
16869,Inglourious Basterds,2009-08-02,8.2,14.67,EN,"In Nazi-occupied France during World War II, a group of Jewish-American soldiers known as ""The Basterds"" are chosen specifically to spread fear throughout the Third Reich by scalping and brutally killing Nazis. The Basterds, lead by Lt. Aldo Raine soon cross paths with a French-Jewish teenage girl who runs a movie theater in Paris which is targeted by the soldiers."
63554,Las señoritas de mala compañía,1973-12-17,5.0,12.24,ES,
518482,"Un, dos, tres... ensaïmades i res més",1985-02-25,4.0,12.19,CA,
82216,Les cigognes n'en font qu'à leur tête,1989-01-25,5.2,12.12,FR,"Married to Jeremie, Marie wants desperately to have a child. She has a 20 year old daughter from a former marriage with the police commissioner. When the gynecologist confirms they are unable to conceive a child together, they opt for adoption. However, it is a very lengthy and difficult process. When her daughter meets Joanna, a pregnant teenager willing to give up her child for adoption, Marie is thrilled. And so Joanna moves in..."
434591,The Domicile,2017-08-08,2.0,11.53,EN,"Russel Brody, a one-time successful playwright, works diligently on a follow-up play that could land him back in the spotlight he so early craves. With a baby on the way, however, and a strained marriage, stress and frustration take center stage. When his wife accidentally stumbles down the stairs and dies from her injuries, Brody's mental state goes from bad to one of utter despair. In a bid to help his friend regain his sanity, Brody's co-writer David Stanley suggests he revisits Lucy, his former mistress. The ghost of Brody's dead wife awakens to the sordid details of his unfaithfulness, enraging her supernatural spirit to haunt him in every horrifying way imaginable."
653878,The Price of Victory,1964-12-06,0.0,12.23,JA,Nobuko Shibuya's Japanese volleyball documentary
66245,Arunachalam,1997-04-10,7.3,13.81,TA,"Arunachalam, the son of a  prominent village elder, discovers the truth about his past."
329865,Arrival,2016-11-10,7.6,14.41,EN,"Taking place after alien crafts land around the world, an expert linguist is recruited by the military to determine whether they come in peace or are a threat."
606352,Die Bestatterin – Der Tod zahlt alle Schulden,2019-06-01,5.6,12.15,DE,"Behind supposedly natural deaths, young mortician Lisa Taubenbaum discovers murders and turns the whole town against her. When an inspector from Stuttgart arrives, the investigation begins and Lisa gets heavily involved."
507086,Jurassic World Dominion,2022-06-01,6.6,13.57,EN,"Four years after Isla Nublar was destroyed, dinosaurs now live—and hunt—alongside humans all over the world. This fragile balance will reshape the future and determine, once and for all, whether human beings are to remain the apex predators on a planet they now share with history's most fearsome creatures."
912828,Te Prego Lá Fora,2021-12-15,5.4,12.01,PT,"Everyone knows that being a teenager is not easy, especially when you are a demigod with unlimited powers and risking being crucified at any moment, this is the life of Jesus Christ in his new school."
727185,Your Man from Six Counties,1976-10-26,0.0,12.24,EN,"When his father becomes a bomb victim, Jimmy leaves Belfast for his uncle’s farm in remote west Ireland. But even here there are links to the past."
453789,Wong Fei Hung Series : The Final Victory,1996-06-01,0.0,12.39,CN,"In late Qing, restless and upheavals occurred everywhere in China. So Hat Yee, the leader of a patriotic society, together with the sup-porters started to initiate a revolution against the corrupt and dictatorial government. Unfortunately, the wicked governor, Lee Chun destroyed their apple cart. He manipulated Man King Long as a spy to lure the revolutaries into a lethal trap. In such an zero hour, Wong Fei Hung and the other revolutaries had no alternative, but only fought to the death. Could these righteousness fighters get the final victory?"
958007,Qing hai duan chang ren,1966-09-03,0.0,12.33,ZH,
131676,The Compass Is Carried by the Dead Man,2011-10-22,5.5,14.25,ES,"A Mexican boy bound for Chicago tries to cross the border, but is the crowded wagon he rides in going the right way? An offbeat, allegorical odyssey that blends absurd humor with pastoral imagery. A young man and a dead man journey north through a subtly surreal desert landscape, picking up a wagonful of odd characters as they go in this darkly humorous satire of contemporary Mexico. Written by TIFF LAFF"
677409,Chronicle of a Love,1974-01-01,5.3,12.2,ES,
945961,Alien: Romulus,2024-08-13,7.2,14.72,EN,"While scavenging the deep ends of a derelict space station, a group of young space colonizers come face to face with the most terrifying life form in the universe."
1225103,Vietnam: Still America's War,1974-05-12,0.0,12.45,EN,"John Pilger returns to Vietnam in 1974. America had withdrawn its ground forces at the beginning of the previous year, he reports, yet the war had not ended. During this ‘peace’, more than 70,000 soldiers and civilians had been killed."
648360,Bailando con el peligro,2004-11-14,0.0,12.57,ES,
680493,Return to Silent Hill,2026-01-21,0.0,14.6,EN,"When James receives a mysterious letter from his lost love Mary, he is drawn to Silent Hill—a once-familiar town now consumed by darkness. As he searches for her, James faces monstrous creatures and unravels a terrifying truth that will push him to the edge of his sanity."
58,Pirates of the Caribbean: Dead Man's Chest,2006-07-06,7.4,14.66,EN,"Jack's got a blood debt to pay: he owes his soul to the legendary Davy Jones, ghastly Ruler of the Ocean Depths.  But ever-crafty Jack isn't about to go down without a fight."
855327,The Binding of Itzik,2020-11-02,0.0,12.3,EN,"In his online search for bookbinding materials, a single, middle-aged Hasidic bookbinding conservationist becomes entangled in a secret and intimate BDSM relationship with an online stranger after stumbling across a Craigslist ad."
839163,Wong Fei-Hung and the Lantern Festival Disturbance,1956-02-28,0.0,12.11,CN,Wong Fei-Hung and the Lantern Festival Disturbance is a 1956 Wong Fei-Hung movie directed by Wu Pang.
65072,About Love,2004-11-08,2.0,14.99,RU,A sad story about life and love as it told by Grigori Stepanovich Smirnov who is trying to find what caused the suicide of young 15 years old Volodya.
345068,Big Gold Dream: Scottish Post-Punk and Infiltrating the Mainstream,2015-06-19,6.0,12.05,EN,"Documentary on the independent Edinburgh record label Fast Product and Postcard Records and associated bands like Fire Engines, Scars and Josef K"
993708,The Threesome,2025-09-04,6.2,13.81,EN,"Connor and his long-time crush Olivia engage in a threesome with a sweet, alluring stranger named Jenny. This encounter sparks a relationship between Connor and Olivia, leading them to plan a life together. However, their romance faces challenges when Jenny reappears, thrusting all three into a difficult journey toward true accountability and adulthood."
274439,"Paraíba, Vida e Morte de um Bandido",1966-03-10,5.5,12.08,PT,"True story of a famous and violent Brazilian outlaw nicknamed ""Paraíba"". After being shot, Paraíba tries to hide inside a church, where he starts remembering episodes of his criminal life."
517003,Ban Geum-ryeon,1981-03-13,0.0,12.13,KO,"Seo Mun-kyung, a merchant in ancient China where polygamy is legal, monopolizes the salt sales business. The magistrate of the province collapse families of Hwa Ja-heo and Hwang Mu-dae through Mun-kyung. When Ja-heo's wife Byung-ah fakes her death and disappears with Ja-heo, Seo is angered. But when he sees Mu-dae's wife Ban Geum-ryun, he is satisfied and this causes Mu-dae to end his own life. Geum-ryun makes Seo's concubines Chun-ae and Kyo-ah lose their sight and she takes Byung-ah to Seo. When Byung-ah has Seo's baby, antagonism and jealousy grows between the two women. Geum-ryun's jealousy kills Byung-ah's whole family and also kills Seo. Geum-ryun chooses to join her husband in death."
313603,Secretly Still and Quiet,1953-09-23,0.0,9.98,DE,
1047873,The Tower of the Astro-Cyclops,1994-01-01,0.0,10.73,EN,"A portrait of a French scientist and author who explores the heavens above and beyond the call of duty. A man unafraid to turn over the rocks that litter a terrain of terror and titillation: a terrain of things that go jump in the night and hide by day only, to re-surface in our nightmares."
115696,El señorito y las seductoras,1970-02-23,0.0,10.39,ES,"Antonio is a millionaire who spends his time conquering beautiful women aided by his faithful butler, Pablol. He tries to seduce the beautiful Marta, but when he realizes that she prepares a trap to force him to marry, Antonio disappears."
669928,Pankararu de Brejo dos Padres,1977-06-14,5.0,14.18,PT,"The ritual of the ‘umbu festival’ and the daily activities of the Pankararu indigenous people, dedicated to subsistence farming. Located 100 kms from Paulo Afonso, in the backlands of Pernambuco."
324174,The Automatic Hate,2016-03-11,5.9,12.25,EN,"When Davis Green's alluring young cousin Alexis appears on his doorstep one night, he discovers that a side of his family has been kept secret from him. Against his father’s wishes, Davis travels to rural, upstate New York to meet his other cousins."
489,Good Will Hunting,1997-12-05,8.2,13.56,EN,"Headstrong yet aimless, Will Hunting has a genius-level IQ but chooses to work as a janitor at MIT. When he secretly solves highly difficult graduate-level math problems, his talents are discovered by Professor Gerald Lambeau, who decides to help the misguided youth reach his potential. When Will is arrested for attacking a police officer, Professor Lambeau makes a deal to get leniency for him if he gets court-ordered therapy. Eventually, therapist Dr. Sean Maguire helps Will confront the demons that are holding him back."
1011477,Karate Kid: Legends,2025-05-08,7.1,14.05,EN,"After a family tragedy, kung fu prodigy Li Fong is uprooted from his home in Beijing and forced to move to New York City with his mother. When a new friend needs his help, Li enters a karate competition – but his skills alone aren't enough. Li's kung fu teacher Mr. Han enlists original Karate Kid Daniel LaRusso for help, and Li learns a new way to fight, merging their two styles into one for the ultimate martial arts showdown."
1159559,Scream 7,2026-02-25,0.0,17.75,EN,"When a new Ghostface killer emerges in the quiet town where Sidney Prescott has built a new life, her darkest fears are realized as her daughter becomes the next target. Determined to protect her family, Sidney must face the horrors of her past to put an end to the bloodshed once and for all."
197588,The War of 33: Letters from Beirut,2008-05-27,0.0,11.81,EN,"The War of 33 is an intimate, personal and powerful telling of the story of the 2006 war in Lebanon. A series of letters written by Hanady Salman--a mother living through the war in Beirut--carve a narrative arc through the intense and haunting images of conflict. She tells the stories of her family and the people she lives the war with--the refugees, the wounded, and the everyday Lebanese, struggling to maintain their sanity and their humanity during a time of war."
938998,"Delphine Seyrig, portrait d'une comète",2000-08-01,8.0,12.02,FR,"Delphine Seyrig, an extraordinary woman and actress, died on October 15, 1990. From ""Last Year at Marienbad"" by Alain Resnais to ""India Song"" by Marguerite Duras, she played in 34 films for cinema, 13 films for television and 33 plays. Jacqueline Veuve, filmmaker and friend of Delphine Seyrig, wanted to break the silence that has fallen on her memory by making a documentary that traces with emotion and subjectivity the life of the mythical actress, the fierce feminist but also the simple friend."
107257,A Perfect Ending,2012-06-01,6.2,13.15,EN,"This intimate drama follows Rebecca, a woman who has kept her sexuality a secret from her friends but chooses to reveal it to a stranger. While Rebecca's revelations may not yield the results she expects, a perfect ending is still in reach."
469932,"Antar, The Fourth Grandson of Shaddad",2017-06-25,4.0,12.05,AR,"The grandson of Antar Abassi enters a fierce battle with Asad Alrijal, and tries to beat him with all his strength in order to win the heart of the most beautiful girl in the tribe."
466272,Once Upon a Time... in Hollywood,2019-07-24,7.4,13.66,EN,"Los Angeles, 1969. TV star Rick Dalton, a struggling actor specializing in westerns, and stuntman Cliff Booth, his best friend, try to survive in a constantly changing movie industry. Dalton is the neighbor of the young and promising actress and model Sharon Tate, who has just married the prestigious Polish director Roman Polanski…"
280,Terminator 2: Judgment Day,1991-07-03,8.1,13.15,EN,"Ten years after the events of the original, a reprogrammed T-800 is sent back in time to protect young John Connor from the shape-shifting T-1000. Together with his mother Sarah, he fights to stop Skynet from triggering a nuclear apocalypse."
398568,Three Young Samurai,1961-02-22,6.6,11.98,JA,During Japan's Warring States period three young Tokugawa vassals head their separate ways after Takeda Shingen's forces overran their castle. When they next meet they have all joined opposing sides.
454568,No Man's Land,1991-05-18,3.7,12.01,JA,"Parisian Rita Kato follows a letter from her friend Masao Sato to Tokyo, but discovers that a new tenant is already living at the sender's address, the slacker Takeshi, called Golgo after the contract killer protagonist from Takao Saitō's long-lived manga series Golgo 13. Apathetically, the two squats on each other for a few days until Rita sets off again and is bagged on the way back by the petty criminal Kiyomi in a stolen car. In the Tokyo swampland, the two meet Golgo again..."
104097,Un ángel tuvo la culpa,1960-04-25,6.0,12.14,ES,"Claudio is a kind mand who works as cashier in a company for several years. Whe he finds closed the bank where he has to deposit a millon of pesetas, he decides to go to a friends party. Due to alcohol effects, he share out the money to the people who need it more."
1477218,Barney's Magical Musical Adventure,1992-08-02,0.0,12.03,EN,"Barney and his friends travel through a magical forest to a castle. Along the way, they sing songs, play games, and meet new friends."
351933,Legend of the Shadowy Ninja: The Ninja Dragon,1990-10-25,6.0,12.02,JA,"The secretive realm of the world's deadliest ninja warriors is thrown into chaos as one by one, ninja clan leaders are brutally assassinated! What fiendish foe has the power to kill the most dangerous men in the world? To avenge their dead leader, three ninjas must face this hidden enemy. They'll need all their stealth and ninja trickery to survive!"
441576,Great Bodhisattva Pass 2,1936-04-14,0.0,11.92,JA,The sequel to the 1935 film Great Bodhisattva Pass
67653,Je règle mon pas sur le pas de mon père,1999-04-14,5.5,11.94,FR,"Sauveur (Savior) needs someone to save him, and so he begins to look for his father, a fast- talking ladies' man. The son becomes attached to his misanthropic father, and soon a crippled woman photographer and a gigolo with a killer smile also enter the scene, and the situation becomes more and more impossible."
90944,Tragic Ceremony,1972-12-20,4.8,11.87,IT,"After a peaceful sailboat ride, four young people, including rich kid Bill, Joe, Fred and Jane, knock on the door of a secluded villa after their dune buggy runs out of gas. Earlier in the day, Bill had given the lovely Jane a pearl necklace with a supposedly paranormal history, and this later opens up a can of worms. They are invited to spend the night at the mansion, owned by Lord Alexander and Lady Alexander, who happen to be hosting a strange ceremony that night attended by a group of eccentrics in black robes. During the evening, Jane exits her sleep chamber, seemingly in some kind of trance, and is lured to a sacrificial alter where the robed houseguests are hovering over her. As a knife is about to be plunged into the young lady, her three friends come to the rescue, but they are also witness to a chaotic mass murder catastrophe in which they flee with feelings of guilt and uncertainty."
1064213,Anora,2024-10-14,7.1,13.15,EN,"A young sex worker from Brooklyn gets her chance at a Cinderella story when she meets and impulsively marries the son of an oligarch. Once the news reaches Russia, her fairytale is threatened as his parents set out to get the marriage annulled."
441689,Mon curé chez les riches,1938-12-21,2.0,12.05,FR,"In the village of Sableuse, the local manor has been bought out by a nouveau riche, Emile Cousinet. When his wife Lisette, a former music hall actress, flees to Paris with young Pierre de Sableuse, Cousinet asks Father Pellegrin, the village vicar, to bring the lost sheep back home."
103,Taxi Driver,1976-02-09,8.1,12.3,EN,"Suffering from insomnia, disturbed loner Travis Bickle takes a job as a New York City cabbie, haunting the streets nightly, growing increasingly detached from reality as he dreams of cleaning up the filthy city."
462497,In girum imus nocte et consumimur igni: filmbiografía de Antonio Maenza,2012-06-19,7.0,10.64,ES,
358730,...All That Mighty Heart...,1962-01-02,0.0,12.16,EN,"A day in the life of London and the Home Counties in 1962, seen from the perspective of the use of London Transport facilities from buses and tubes to long distance coach routes, accompanied by extracts from BBC radio."
453395,Doctor Strange in the Multiverse of Madness,2022-05-04,7.2,13.83,EN,"Doctor Strange, with the help of mystical allies both old and new, traverses the mind-bending and dangerous alternate realities of the Multiverse to confront a mysterious new adversary."
863,Toy Story 2,1999-10-30,7.6,14.9,EN,"Andy heads off to Cowboy Camp, leaving his toys to their own devices. Things shift into high gear when an obsessive toy collector named Al McWhiggen, owner of Al's Toy Barn kidnaps Woody. Andy's toys mount a daring rescue mission, Buzz Lightyear meets his match and Woody has to decide where he and his heart truly belong."
1451414,"Churchill: Winning the War, Losing the Peace",2015-05-01,10.0,11.93,EN,"Just weeks after VE day, Winston Churchill found himself in new battle: to be reelected Prime Minister. Confident of his victory after leading through WWII, he never expected his countrymen to turn so vehemently on their Great British Bulldog"
1319951,40 Acres,2025-07-02,6.1,11.62,EN,"Hailey Freeman and her family are the last descendants of African American farmers who settled in rural Canada after the Civil War. In a famine-decimated near future, they now struggle to safeguard their farm, as they make one last stand against a vicious militia hell-bent on taking their 40 Acres."
1452627,How Not to Succeed in Business,1975-01-01,0.0,11.93,EN,Animated satire of business practices
564205,Merciless Blade Part 3,1953-06-17,0.0,11.94,JA,The final film in the 1953 trilogy based on the long novel series The Great Bodhisattva Pass.
300423,You Are Your Body / You Are Not Your Body,2014-11-11,3.0,10.04,EN,"A group of estranged siblings must reconcile with the past when the death of their mother coincides with the appearance of an apocalyptic cult, suicidal clown, and the second coming of Christ."
814239,A Trial Before Monsoon,2021-03-27,0.0,11.98,EN,A Lung cancer patient hires his suicidal daughter to be his divorce lawyer in order to achieve complete solitude before death.
246007,Palestine Is Still the Issue,2003-01-06,7.3,11.58,EN,A documentary about the Israeli-Palestinian conflict that has lasted for more than 50 years. Contains some interviews with the children in this conflict.
64665,Sins of Sister Lucia,1978-01-07,4.1,10.02,JA,"Rumiko is a misbehaving girl who got caught stealing the cash her father had at home for bribes. Father would not accuse her of that, but when he caught her having sex with her English teacher, he was justified in sending her to a monastery, where the nuns try to force her to become a good girl. However, after a few days in forced piety, Rumiko (now Sister Lucia) discovered that her sins were nothing in comparison with those of other Sisters, and Mother Superior's."
195553,"Panorama of Orphans' Home, Galveston",1900-09-21,4.0,11.96,EN,This is the building in which so many of the poor orphans met their death. The place is completely dismantled. In addition to the orphanage is shown one of the principal streets in Galveston blocked with overturned houses and other materials.
70447,Louisiana Story,1948-09-28,6.4,12.04,EN,The idyllic life of a young Cajun boy and his pet raccoon is disrupted when the tranquility of the bayou is broken by an oil well drilling near his home.
824206,The Thirsty Flower: Four by Four Equals One,2004-08-11,0.0,11.94,JA,"The title is ""Thirsty Flower ~ four by four equal one ~"", which is a short story of about 60 minutes with four women as the main characters."
852244,With a Single Sword Bale,1934-07-14,0.0,11.99,JA,Period film from 1934.
939570,Mao Tse-Tung and the Cultural Revolution,1969-06-08,0.0,11.97,JA,"Nagisa Oshima's documentary details the rise of Chairman Mao during the revolution and shows the Communist Party's struggle and cultural upheaval. Made in 1969 for NTV station, this TV documentary also questions Mao's dictator tendency during the cultural revolution."
13306,The Farmer's Clever Daughter,1969-02-23,4.5,13.91,DE,"A farmer receives land from the king and discovers a buried golden mortar. He decides to give it to the king out of gratitude, but his clever daughter warns him that the king will surely want him to bring a corresponding pestle as well. When the king throws the farmer into jail for fraud, he bemoans the fact that he did not listen to his daughter."
209536,The Family That Dwelt Apart,1973-10-14,7.7,12.26,EN,"A family of seven lives on a New England island with nobody else. One winter, they got stranded because the bay froze over. This didn't much matter to them, but someone on the mainland remembered them and launched an aerial rescue mission; an unfounded story that one boy had appendicitis results in a larger rescue mission, with the situation rapidly escalating into a major catastrophe all because of the rescue mission."
1109343,Made in Hollywood: Die Welt des Raoul Walsh,2017-01-01,0.0,12.03,EN,Documentary about Raoul Walsh
1108992,The Missing Plane,1984-10-22,0.0,11.95,AR,"An ill-fated flight ends in the Western Desert where it crash-fives into quicksand as the passengers try to control their temper. The movie provides archetypes as they start reflecting on their lives in crisis, some of them being hopeless, and some of them being hopeless romantics."
49143,Garden of Luxor,1973-01-01,5.6,13.93,EN,"A silent avant-garde experience created by Derek Jarman, filled with superimposed images forming a whole picture. His palette consists mostly of reddish random images of Egypt and the pyramids; a strange garden destroyed from time to time by a man with a whip; a young peaceful man relaxing on the floor; other smoking and eating insects. This is Jarman's view of the Garden of Luxor and its mysteries."
258966,Nós Por Cá Todos Bem,1978-03-04,6.0,13.93,PT,"In his childhood haunts, in the village of Várzea dos Amarelos, the filmmaker films peasant life with its seasonal and daily rituals: a festive meal, the slaughter of a pig, bread-making. The film slides into imagination and blends with fiction: memories and dreams, imagination and reality intermingle in this work full of enthusiasm that has an enormous freedom of form and a zest for life and discovery of the world. With a strong documentary element, it mixes professional actors with the inhabitants of a small village, telling the story of a small film crew in a village living day to day."
439025,Agimet e stinës së madhe,1981-11-24,0.0,13.92,SQ,"After World War II, the communist party of Albania must rebuild the country and implement the agrarian reform."
29816,Grimm's Fairy Tales for Adults,1969-08-28,4.8,13.92,DE,"In an erotic version of famous fairy tales, Snow White (Marie Liljedahl), Sleeping Beauty (Gaby Fuchs) and Cinderella (Eva Reuber-Staier) have sexy fun."
339849,Not Without Hope,2025-12-04,6.2,13.92,EN,A group of friends' fishing boat capsizes off the coast of Mexico and they're left alone stranded at sea and struggling for survival.
749398,Another America is Possible,2017-09-07,0.0,13.91,EN,"In Josh Kline’s three-channel film, Another America is Possible, the sculptor and video artist provides a ritualized glimpse at utopia."
935300,This Way Out of Brooklyn,2002-01-01,0.0,13.91,EN,"Tony desperately needs some cold hard cash to help finance his next big business venture. He left Brooklyn years ago to get away from his old man and now is shacked up with his main squeeze, Aphrodite, in a Venice flophouse. One day his baby brother Mikey pays him a visit from Brooklyn. The two brothers have a deal cooking and Aphrodite is itching to find out what they have under their sleeves. But Mikey has other interests besides his deal with Tony, as he becomes more and more drawn to Aphrodite. As the brothers' plan begins to unravel, the boys encounter even more twists and turns than they had ever bargained for. They find themselves in a predicament where nothing is as it seems and the dawning realization that there is no way out of Brooklyn..."
117816,Maicching Machiko Teacher - Go!Go! visit a pupil's home,2007-05-24,0.0,13.91,JA,Based on the Maicching Machiko-sensei Manga.
9258,Like Rabbits,2002-09-12,6.1,13.91,DE,"A player in a famous orchestra finds sexual experiences with a Russian opera singer, which he enjoys much because his wife has just left due to the fact that he has purchased a porno movie. The orchestra player gets known to his neighbour, a gay man having also relationship troubles, and together they are trying hard to find a way how to go on with their lifes."
534968,Neela ponman,1975-08-01,0.0,13.9,ML,"Neelapponmaan is a 1975 Indian Malayalam film, directed and produced by Kunchacko. The film stars Prem Nazir, KPAC Lalitha, Adoor Bhasi and Sreelatha Namboothiri in lead roles. The film had musical score by Salil Chowdhary."
623962,The Grand Duke Of Corsica,2021-10-15,2.9,13.9,EN,"A cantankerous and brilliant architect, Alfred, embarks on a highly unusual commission in Malta for a man who calls himself 'The Grand Duke of Corsica'. An epidemic hits the Island and all must flee, but Alfred remains to finish the job."
419933,Las calientes orgías de una virgen,1983-02-14,6.6,13.9,ES,
417010,Cinema Puerto Rico: una antropología visual,2014-10-28,0.0,13.9,ES,"A look at Puerto Rico and its cinema through films, documentaries, and commercials from the early twentieth century to the emerging cinema of today. Visual and narrative strategies portray fragments of Puerto Rico's general history and, in turn, answers the questions of who, when, and for whom have ​​films been made in Puerto Rico and the resources that are available to do it."
828587,River Without a Bridge Part 2,1970-04-25,0.0,13.89,JA,"Second part to ""River Without a Bridge"" (1969)"
282813,The Pyramid,2014-12-04,5.3,13.89,EN,An archaeological team attempt to unlock the secrets of a lost pyramid only to find themselves hunted by an insidious creature.
984135,Un amore possible,2004-01-01,0.0,13.88,IT,A Donatello award nominated short drama about the intense friendship between a boy of nine and a twenty-four year old woman.
103878,Love Charm,1947-11-24,5.3,13.87,ES,"Berta is a young manicurist whose boyfriend, Jorge, is too shy to ask for a raise, something she always blames him for. On the occasion of a special job that Berta must do in a big house, owned by Mr. and Mrs. Gordon, the couple fantasizes about what their life would be like in the midst of so many comforts."
49884,Sinterklaasjournaal: De Meezing Moevie,2009-10-14,0.0,13.87,NL,Follow the adventures of the real St. Nick and all his helpers.
394048,The Rally - LA,2016-04-22,3.8,13.87,EN,"Santiago Sarka is the ruthless head of his own criminal empire in Los Angeles, and he doesn't feel the same way as his brother, Antonio. He owns the mayor, other city officials and high ranking police officers, controls the drug cartels and holds the city and its people captive. He senses an ominous shift is coming, and he'll put everything on the line to keep his brother out of the way."
324857,Spider-Man: Into the Spider-Verse,2018-12-06,8.4,13.87,EN,"Struggling to find his place in the world while juggling school and family, Brooklyn teenager Miles Morales is unexpectedly bitten by a radioactive spider and develops unfathomable powers just like the one and only Spider-Man. While wrestling with the implications of his new abilities, Miles discovers a super collider created by the madman Wilson ""Kingpin"" Fisk, causing others from across the Spider-Verse to be inadvertently transported to his dimension."
459165,Alpha and Omega: Journey to Bear Kingdom,2017-05-19,4.5,11.96,EN,"When the Queen Bear and her daughter, Princess Canue, visit the Eastern Valley an epic war breaks out -- Rogue Wolves versus the Western Pack and the Bear Army. Now, it's up to Stinky, Claudette, and Runt to help Princess Canue return home to regain control of her kingdom."
440321,Through the Repellent Fence: A Land Art Film,2017-02-19,0.0,11.8,EN,"The film follows Postcommodity, an interdisciplinary arts collective comprised of Raven Chacon, Cristóbal Martinez and Kade L. Twist, who put land art in a tribal context. The group bring together a community to construct the Repellent Fence, a two-mile long ephemeral monument “stitching” together the US and Mexico."
4348,Pride & Prejudice,2005-09-16,8.1,13.1,EN,"A story of love and life among the landed English gentry during the Georgian era. Mr. Bennet is a gentleman living in Hertfordshire with his overbearing wife and five daughters, but if he dies their house will be inherited by a distant cousin whom they have never met, so the family's future happiness and security is dependent on the daughters making good marriages."
138810,Lady Day: The Many Faces of Billie Holiday,1990-03-01,10.0,11.83,EN,"Lady Day: The Many Faces of Billie Holiday integrates film and video performances, recordings, words from her controversial autobiography (read by actress Ruby Dee) and interviews with artists who played with her (pianist Mal Waldron, trumpeter Buck Clayton and Harry ""Sweets"" Edison), Milt Gabler (owner of Commodore and a producer at Decca), author Albert Murray and vocalists Carmen McRae and Annie Ross."
382643,Lady on the Tracks,1966-09-30,6.0,11.88,CS,"Tram driver Marie has far too much to do after her shift is over. But she likes to do it all since she loves her husband Václav sincerely. One day she spots him on the Lesser Town Square in Prague, kissing an attractive blonde good-bye. It seems to Marie that her small comfortable world has collapsed and she walks out of the tram in tears. But her sadness does not last long. She wipes off the tears and begins to act. She withdraws all the money from their savings books and buys off all the latest models from the Fashion Works. The visit to the beauty salon then completes her transformation into a lady."
129163,Web of Evidence,1959-04-28,4.0,11.79,EN,A World War II evacuee returns years later to England and finds his father in prison framed for murder.
288563,The Last Day of Hsianyang,1968-01-01,0.0,11.91,ZH,"The Three Kingdoms period begins as the walled fortress of Hsin Yang falls to invaders. Centered around this historical event, The Last Days of Hsin Yang follows the escape of the prince of Hsin Yang as he hides with a small family and escapes from the sacked and burning city. Epic battle scenes employ hundreds of extras, and forest swordplay is reminiscent of House of Flying Daggers."
260654,Orientations: Chris Doyle - Stirred But Not Shaken,2001-04-08,2.7,12.47,EN,"The life and work of Chris Doyle, the acclaimed Australian cinematographer who found regular work as the collaborator of maverick Hong Kong auteur Wong Kar-Wai."
430655,Kijû Yoshida: What Is a Filmmaker?,2008-04-09,0.0,11.91,EN,"An overview of the life and work of legendary Japanese filmmaker Kijû Yoshida, a notable figure of the Japanese New Wave."
638448,Battles on the Astral Plane,1997-01-01,0.0,11.72,EN,"Jon Raymond’s 1997 piece Battles on the Astral Plane, a clever mocking of the popular Mortal Kombat video game that shows Raymond’s crafty, self-effacing wit that can still be found in his books and screenplays (Wendy and Lucy, Meek’s Cutoff, Livability)."
137607,Celestine,1974-10-16,5.5,12.49,FR,"The story opens with Celestine eluding arrest with a friend as the police raid a brothel. While hiding out in the hayloft of the Count de la Braquette's estate, she meets the hayseed handyman Sébastien and the butler Malou, who reward her favors with the offer of employment. In a manner recalling Terence Stamp's effect on the household in TEOREMA, Celestine's open and relaxed attitude toward sexuality has a transformative effect on the isolated, moribund inhabitants of the mansion, imbuing them with gift of renewed life for the men and women alike, that remains even after a third act twist that forces her to betray them."
644007,Zerschunden - Ein Fall für Dr. Abel,2019-10-28,5.0,11.69,DE,A murderer always kills across Europe according to the same pattern: he kills single women and provides the victims with his personal signature. A friend of Abel's is suspected. Abel wants to help him and investigates himself.
12,Finding Nemo,2003-05-30,7.8,15.32,EN,"Nemo, an adventurous young clownfish, is unexpectedly taken from his Great Barrier Reef home to a dentist's office aquarium. It's up to his worrisome father Marlin and a friendly but forgetful fish Dory to bring Nemo home -- meeting vegetarian sharks, surfer dude turtles, hypnotic jellyfish, hungry seagulls, and more along the way."
173813,Yacht of the Seven Sins,1928-08-05,6.0,10.26,DE,"The ship-owner Herr Reeder Roberts organizes a world trip on his luxury liner ""Yoshiwara"". Aboard are millionaires and famous artists, but also criminals. The manager of the ship-owner, Stefan Martini, has been murdered shortly before the departure in a mysterious way. Several persons are suspected and these are, precisely, the passengers of the ""Yoshiwara""."
286973,Ein Mädel wirbelt durch die Welt,1934-03-02,0.0,10.04,DE,
826314,The love song of farewell later,1991-05-01,0.0,11.71,JA,"A suspense drama based on Osamu Takahashi's original work starring Shinobu Otake. The shooting location of Gunkanjima is a famous tourist attraction.  When Mansako returns to her husband's parents' house, she noticed a young man named Shinji playing drums at a village festival. Shinji who felt her gaze also looked back at Mansako. Masako invites Shinji to her house to welcome her husband together, and is witnessed by a housewife who came to inform her husband of the accidental death while helping him change clothes. She is stigmatized for infidelity. They are separated, but they vow to meet again 12 years later."
285,Pirates of the Caribbean: At World's End,2007-05-19,7.3,13.59,EN,"Captain Jack Sparrow, that wily charmer of a pirate, is trapped in Davy Jones' Locker when his pirate brethren begin a desperate quest to locate and rescue him. Follow their wild seafaring adventures from exotic Singapore to World's End and beyond."
810,Shrek the Third,2007-05-17,6.3,14.2,EN,"The King of Far Far Away has died and Shrek and Fiona are to become King & Queen. However, Shrek wants to return to his cozy swamp and live in peace and quiet, so when he finds out there is another heir to the throne, they set off to bring him back to rule the kingdom."
822096,The Price of Freedom,2021-06-16,6.0,11.86,EN,"The NRA has become an increasing force of political influence, challenging gun control legislation as a direct attack on personal freedom. This deep dive into American gun culture is a passionate call to action."
643107,Not to Be Unpleasant But We Need to Have a Serious Talk,2021-07-15,0.0,12.36,EL,"Womanizer Aris finds out he is a carrier of a sexually transmitted virus, lethal only for women. But he is also the only hope for a curing vaccine if he finds which one of his ex girlfriends had the first viral strain."
1241983,Train Dreams,2025-11-05,7.3,12.59,EN,A logger leads a life of quiet grace as he experiences love and loss during an era of monumental change in early 20th-century America.
992809,Murder in Rock Island,2010-07-22,1.0,12.05,EN,"Jean and Kelly  are two young lovers who are living through difficult times in their relationship. The trouble begins when, against her wishes, an old friend of Kelly's named Lawson joins them in house-sitting for Jean's mother. The adventure ends in death as the ghost of Jean's father intervenes in the couple's life, murder ensues in the little town of Rock Island, Canada."
1536607,Della Bella Badlegi Kahaani,2025-07-18,0.0,11.93,PA,"A 'pre-love story' of a changing India. Changes that are taking place across society and psyche, where a small-town girl, Dollu, popular as DELLA BELLA becomes a beacon of women's self-exploration through a journey of her own."
899252,"Tô na Tua, Ô Bicho",1971-09-16,0.0,11.8,PT,
32653,Flic Story,1975-10-01,6.4,11.68,FR,"The film story depicts Emile Buisson, following the death of his wife and child, escaping from a psychiatric institution in 1947 and returning to Paris. Buisson, who three years later would become France's public enemy number one, begins a murderous rampage through the French capital."
316445,El Canto del Loco - Personas: La película,2009-01-02,0.0,12.44,ES,
391068,Rocambole vs. the Harpies,1967-04-14,5.1,11.59,ES,Super-detective muscle dude in tights vs a criminal mastermind who doses women with ugly serum to make them commit crimes.
313713,Edwin: My Life As A Koont,2013-07-02,4.0,8.73,EN,"Edwin Rouper is a man born with a serious neurological condition called Koontz-syndrome, an illness which makes him irritating."
49026,The Dark Knight Rises,2012-07-17,7.8,12.98,EN,"Following the death of District Attorney Harvey Dent, Batman assumes responsibility for Dent's crimes to protect the late attorney's reputation and is subsequently hunted by the Gotham City Police Department. Eight years later, Batman encounters the mysterious Selina Kyle and the villainous Bane, a new terrorist leader who overwhelms Gotham's finest. The Dark Knight resurfaces to protect a city that has branded him an enemy."
1495,Kingdom of Heaven,2005-05-03,7.0,14.63,EN,"After his wife dies, a blacksmith named Balian is thrust into royalty, political intrigue and bloody holy wars during the Crusades."
360244,Katharina Knie - Ein Seiltänzerstück,1964-02-19,0.0,12.12,DE,
288634,Mama und der Millionär,2005-03-04,5.2,11.68,DE,"The single mother Leonie has great worries: Since her ex-boyfriend left her a huge debt mountain, knows the young cosmetics saleswoman hardly how to make a living. In her distress, Leonie decides to catch a millionaire. She is on the verge of falling in love with her new colleague Oliver. What Leonie does not suspect: The alleged temporary worker is in truth no less than the son of her employer - and thus a ""real"" millionaire"
457080,A Conversation Between Parents,2017-05-10,0.0,11.45,EN,"A year after Thadd and Shannon gave birth to their son, A Conversation Between Parents highlights a climactic conversation in their lives -- as both young parents grasp at the last threads of their ideal family. On an afternoon off of work, the couple sits on their couch, while their son sleeps in his crib, and the family grapples with their limited options one last time. Dietrich’s camera ties the couple’s painful conversation together with flashbacks of both parents’ precious memories of their first year with Jasper, attempting to find a way to articulate their struggles in the last conversation they have together as a couple."
888219,Sing Again Of Michigan,1951-06-29,0.0,11.6,EN,Singalong with spot gags about Michigan.
353722,How Heavy This Hammer,2015-09-15,6.2,9.35,EN,Follows a middle-aged married man who finds his only outlet is online gaming.
120467,The Grand Budapest Hotel,2014-02-26,8.0,13.18,EN,"The Grand Budapest Hotel tells of a legendary concierge at a famous European hotel between the wars and his friendship with a young employee who becomes his trusted protégé. The story involves the theft and recovery of a priceless Renaissance painting, the battle for an enormous family fortune and the slow and then sudden upheavals that transformed Europe during the first half of the 20th century."
575264,Mission: Impossible - Dead Reckoning Part One,2023-07-08,7.5,12.98,EN,"Ethan Hunt and his IMF team embark on their most dangerous mission yet: To track down a terrifying new weapon that threatens all of humanity before it falls into the wrong hands. With control of the future and the world's fate at stake and dark forces from Ethan's past closing in, a deadly race around the globe begins. Confronted by a mysterious, all-powerful enemy, Ethan must consider that nothing can matter more than his mission—not even the lives of those he cares about most."
296494,Revision - Apocalypse II,2010-09-24,0.0,11.91,EN,"Revision, a drama/horror film written and directed by Edwin Brienen, is set in a futuristic world, where terrorist attacks rule daily life, forced chip implantation is commonplace and government control is routinely exerted through manipulation of the media. Traci (Eva Dorrepaal), an ex-model, feels lost and confused. Whereas she once believed in God, she now tries desperately to fill the void caused by her lack of faith. Her husband, Charlie (Clayton Nemrow), persuades her to surrender to the ultimate act of evil. Soon, however, reality and fantasy become intertwined in an indecipherable web of hallucinations and mental chaos."
1181494,Passport to Paradise: Hawaii,1991-01-01,0.0,9.64,EN,Girls on holiday in Hawaii
877635,"De Gaulle, le monarque et le Parlement",2020-11-28,8.5,13.62,FR,
1470086,Ligaw,2025-05-09,6.0,13.62,TL,"A sultry woman who charms the hearts of men in a remote province. Dolores, a devoted wife to her paraplegic husband, falls for a young mountaineer. What begins as a reckless escape turns into an affair drenched in passion and secrecy."
1411214,War Without Winners,1978-01-01,0.0,13.61,EN,Paul Newman joins ordinary people in the US and the USSR in taking on the military-industrial complex and campaigning for nuclear-war prevention.
336700,More Than Anything in the World,2007-05-09,6.4,13.61,ES,"The relationship between beautiful Emilia (Elizabeth Cervantes) and her imaginative young daughter, Alicia, is tested in this understated Mexican drama. Disoriented after moving to a new apartment and left to herself when her mother starts bringing men home, Alicia takes refuge in dreams that soon become nightmares, especially after she begins to fear that her mom has become possessed by the vampirish man next door. With a keen eye for the rhythms and struggles of contemporary Mexican family life, this film illuminates the secret worlds of lonely children while never straying from its true subject: the uncommon love between a single mother and her child."
283995,Guardians of the Galaxy Vol. 2,2017-04-19,7.6,13.61,EN,The Guardians must fight to keep their newfound family together as they unravel the mysteries of Peter Quill's true parentage.
207,Dead Poets Society,1989-06-02,8.3,13.61,EN,"At an elite, old-fashioned boarding school in New England, a passionate English teacher inspires his students to rebel against convention and seize the potential of every day, courting the disdain of the stern headmaster."
1083862,Resident Evil: Death Island,2023-06-22,7.3,13.61,JA,"In San Francisco, Jill Valentine is dealing with a zombie outbreak and a new T-Virus, Leon Kennedy is on the trail of a kidnapped DARPA scientist, and Claire Redfield is investigating a monstrous fish that is killing whales in the bay. Joined by Chris Redfield and Rebecca Chambers, they discover the trail of clues from their separate cases all converge on the same location, Alcatraz Island, where a new evil has taken residence and awaits their arrival."
453774,Wong Fei Hung Series : The Suspicious Temple,1996-01-06,0.0,13.6,CN,"Shaolin Temple, not only was the sacred place amongst the monks, but also regarded as the Chinese martial arts origin. Why did it become the battlefield of a fierce duel? After knowing that the head monk of Shaolin, Hung Chi was seriously ill, Wong Fei Hung together with his disciples Club Foot and Chu Yuk Wing went to Shaolin immediately. Out of his expectation, Chi refused to see him and the monks always embarrassed them during the visit. Even worse, Club Foot was imprisoned in the Labour Camp of the Temple without any reason. Facing all these strange things, ominous feeling bred from Hung's heart. In the meanwhile, Hung accidentally met Hung Wan, the one with a high social prestige in Shaolin. Wan then told him everything. The disclosure of the scandal inevitably angered the culprit who in turn sweared to eliminate Hung at all costs. On the blink of war, the buried page of Shaolin secret history was no longer be sealed."
7858,Heute hau'n wir auf die Pauke,1972-12-26,6.0,13.6,DE,"Jack White throws a big party at which many of the artists he has produced perform. He has had an eventful life in which he has always remained true to his ideals, first as a footballer, then as a pop singer and then as a producer, even in the face of fierce opposition from others."
212517,1000 Years: A Swedish History,2007-11-01,5.0,13.6,SV,A documentary that tells the history of Sweden through the eyes of the people and showing their living conditions for the past 1000 years.
609862,A Memory of L Moholy-Nagy,1990-01-01,0.0,13.6,EN,"Documents the life and influence of the Bahaus artist, László Moholy-Nagy."
267050,Vento di primavera,1958-10-22,0.0,13.6,DE,
417308,"Stars in Her Hair, Tears in Her Eyes",1977-09-18,10.0,13.59,BG,"This is a film about a traveling theatrical group in the beginning of 20th century. The itinerant troupe arrives in the little town, comprising several families, an eccentric student, an anarchist, all united by their love for theatre. The theatricals of 'Othello' are pending. All of a sudden, the performer of Desdemona falls ill. The local woman teacher plays in her stead. She makes a success and joins the troupe. The young woman travels with them along the dusty country roads and never gives up. Step by step she becomes a very good actress and assumes the leading of the group through its complex life. United by their common fate, the actors go through the joys and disappointments of their pioneering educative mission together."
60976,The Fourth World War,2003-04-27,5.5,13.57,EN,"From the front-lines of conflicts in Mexico, Argentina, South Africa, Palestine, Korea, 'the North' from Seattle to Genova, and the 'War on Terror' in New York, Afghanistan, and Iraq. It is the story of men and women around the world who resist being annihilated in this war. While our airwaves are crowded with talk of a new world war, narrated by generals and filmed from the noses of bombs, the human story of this global conflict remains untold. ""The Fourth World War"" brings together the images and voices of the war on the ground. It is a story of a war without end and of those who resist. The product of over two years of filming on the inside of movements on five continents, ""The Fourth World War"" is a film that would have been unimaginable at any other moment in history. Directed by the makers of ""This Is What Democracy Looks Like"" and ""Zapatista"", produced through a global network of independent media and activist groups, it is a truly global film from our global movement."
746681,La última Navidad del universo,2019-10-13,7.5,13.57,ES,"December 25th of next year. Humanity has gone to hell and only a few survive by eating each other. Santa Claus comes to hand out toys, but in a world without good children, he'll have to use them as deadly weapons. La última navidad del universo, the new shenanigans from the directors of Fist of Jesus"
792447,The Road Of Exploring,2011-06-10,0.0,13.56,ZH,The story of a group of revolutionary leaders in their youth and the friendship between them.
239314,Five Little Peppers in Trouble,1940-09-01,6.7,13.56,EN,"The last of the four ""Five Little Peppers"" films finds the children having a hard time adjusting to their new boarding school."
431535,"Antonio, a boy in Lisbon",2002-01-18,6.3,13.55,PT,"A boy in Lisbon, in this Lisbon in permanent renovation."
325850,Living in Wrestling: History of Wrestling in Mexico,1998-12-31,10.0,13.55,ES,A comprehensive history of Wrestling in Mexico. Starring some of the most famous Mexican wrestlers of our times.
436969,The Suicide Squad,2021-07-28,7.5,13.55,EN,"Supervillains Harley Quinn, Bloodsport, Peacemaker and a collection of nutty cons at Belle Reve prison join the super-secret, super-shady Task Force X as they are dropped off at the remote, enemy-infused island of Corto Maltese."
127812,Arsène Lupin Returns,1938-02-25,5.8,13.55,EN,"A woman and a man vying for a woman's affection: the usual love trio? Not quite so since the belle in question is Lorraine de Grissac, a very wealthy and alluring society woman, while one of the two rivals is none other than Arsène Lupin, the notorious jewel thief everybody thought dead, now living under the assumed name of René Farrand. As for the other suitor he is an American, a former F.B.I. sleuth turned private eye by the name of Steve Emerson. Steve not only suspects Farrand of being Lupin but when someone attempts to steal a precious emerald necklace from Lorraine's uncle, Count de Brissac, he is persuaded Lupin is the culprit. Is Emerson right or wrong? Which of the two men will win over Lorraine's heart?"
275801,The Dinosaur Chronicles,2004-01-01,0.0,13.55,EN,"The Dinosaur Chronicles combines two mini-tales about giant reptiles -- ""The Prehistoric Island"" and ""Dawn of the Dinosaur"" -- resulting in one supersized movie."
962920,The Photographer: Murder in Pinamar,2022-04-21,7.7,13.54,ES,"The murder of photographer José Luis Cabezas in the summer of 1997 deeply shakes Argentina, and ends up revealing a mafia scheme in which the political and economic powers  appear to be involved."
415832,Daddy Is My Idol,2000-05-17,5.5,13.54,ES,"Pablo is a former professional skier retired due to a health problem, who lives with Martín, his son. To celebrate his son's birthday, Pablo takes him to Sierra Nevada, Spain where they will meet Ángela and Vicky, mother and daughter respectively, where a friendship and something more will emerge."
429,"The Good, the Bad and the Ugly",1966-12-22,8.5,13.54,IT,"While the Civil War rages on between the Union and the Confederacy, three men – a quiet loner, a ruthless hitman, and a Mexican bandit – comb the American Southwest in search of a strongbox containing $200,000 in stolen gold."
696506,Mickey 17,2025-02-28,6.8,13.54,EN,"Unlikely hero Mickey Barnes finds himself in the extraordinary circumstance of working for an employer who demands the ultimate commitment to the job… to die, for a living."
1233871,The Andes's Odyssey,1976-02-12,0.0,13.54,ES,A documentary revolving around the 1972 crash of the plane carrying an Uruguayan rugby team; interviews with survivors and the families of victims.
129934,"Bharati, il était une fois l'Inde",2011-08-22,10.0,13.53,FR,
1014793,Hypnosis Mic: Division Rap Battle - Rule the Stage -track.5-,2022-07-06,0.0,13.53,JA,Blu-ray release of character rap project “Hypnosis Mic -Division Rap Battle-: Rule the Stage -track.5-”.
260446,La fine è nota,1993-02-10,7.0,13.53,IT,"A young lawyer returns home and discovers that a man has committed suicide jumping through a window of his house. His wife, Maria, says that she let the unknown man enter because he said the lawyer was the only one who could help him. Bernardo start to investigate about the man and about the reasons of his suicide."
864788,The Mean World Syndrome,2010-07-01,0.0,13.51,EN,"For years, debates have raged among scholars, politicians, and concerned parents about the effects of media violence on viewers. Too often these debates have fallen into simplistic battles between those who claim that media images directly cause violence and those who argue that activists exaggerate the impact of media exposure.  Based on interviews conducted with George Gerbner before his death in 2005, the film urges us to think about media effects in more nuanced ways. In contrast to behaviorist models that see media violence as causing real-world violence, and limited effects models that question the impact of media altogether, Gerbner encourages us to move outside the frame of this debate to consider how the repetitive stories media tell constitute a pervasive cultural environment - a landscape of ritualized, often violent images that have the power to cultivate how we see and understand the world."
254717,The Mother,1979-03-24,6.0,13.5,PT,"The Mother is one of Monteiro’s first essays on the universe of Portuguese oral culture, folktales and obscure colloquialisms. The plot revolves around a traditional tale about theft, greed, an ubiquitous mother, and the links between the worlds of the living and the dead."
941109,Play Dirty,2025-09-30,6.6,13.5,EN,"Expert thief Parker gets a shot at a major heist, but to pull it off he and his team must outsmart a South American dictator, the New York mob, and the world's richest man."
1130894,Help! War Child,1995-09-11,0.0,13.5,EN,"The story of the 1995 charity compilation album, ""Help!"", released to raise funds for the War Child charity."
318529,The Life and Times of Steve Marriott,2000-11-07,7.5,13.5,EN,"British mod rocker Steve Marriott had great stage presence, a unique voice and plenty of angst -- all on display in this docu-concert featuring clips from Marriott's days in bands the Small Faces and Humble Pie. Though Marriott remained a lesser-known musician throughout his abbreviated life, performance selections here, such as ""Paradise Lost"" ""Black Coffee"" and ""Lazy Sunday,"" bring it all back for his fans."
428506,Pasukan Garuda: I Leave My Heart In Lebanon,2016-12-15,0.0,13.5,ID,"Garuda member contingent, Captain Satria, Lieutenant Arga, and Sergeant Gulamo, assigned to Lebanon as peacekeepers. Satria among others, should mediate disputes between Israeli soldiers by the Lebanese army, and managed to free the Spanish army of Hezbollah soldiers hostage."
681793,A Future WWE: The FCW Story,2020-03-08,7.7,13.49,EN,"Florida Championship Wrestling readied WWE for its future, then faded away. For the first time ever, discover FCW's story and how the Tampa-based developmental territory was the training ground for many of today's top WWE Superstars, including Seth Rollins, Charlotte Flair, Big E and more. LESS"
342216,It's Hard Killing Someone Even on a Monday,2001-05-16,7.4,13.49,FR,Jean doesn't want to stagnate in the anonymity of an unattractive life anymore. He chose to start a new career very mediatic but quite dangerous.
1096682,"Peter Steiners Theaterstadl - Berta, die Glückssau",1992-09-05,0.0,11.56,DE,
400984,Memory Surfaces and Mental Prayers,1977-01-01,0.0,9.77,EN,Memory Surfaces and Mental Prayers is a collection of works that address the desire to transcend the perceptual and cognitive structures of experience.
622699,The List of Those Who Love Me,2022-02-25,6.2,11.59,TR,"Yılmaz is the dealer and close friends of famous filmmakers and actors. With the increasing drug operations in Istanbul, Yılmaz is getting paranoid about not being loved by them anymore. This paranoia makes him take bigger risks day by day and he will be destroyed by the desire for being loved."
75656,Now You See Me,2013-05-29,7.3,11.83,EN,An FBI agent and an Interpol detective track a team of illusionists who pull off bank heists during their performances and reward their audiences with the money.
1087891,The Amateur,2025-04-09,7.0,12.81,EN,"After his life is turned upside down when his wife is killed in a London terrorist attack, a brilliant but introverted CIA decoder takes matters into his own hands when his supervisors refuse to take action."
578354,Boss: Born to Rule,2013-08-09,5.5,11.69,BN,A con man arrives in Mumbai and becomes a mafia don.
606856,Togo,2019-12-20,8.1,13.03,EN,"The untold true story set in the winter of 1925 that takes you across the treacherous terrain of the Alaskan tundra for an exhilarating and uplifting adventure that will test the strength, courage and determination of one man, Leonhard Seppala, and his lead sled dog, Togo."
786892,Furiosa: A Mad Max Saga,2024-05-22,7.5,13.31,EN,"As the world falls, young Furiosa is snatched from the Green Place of Many Mothers into the hands of a great biker horde led by the warlord Dementus. Sweeping through the wasteland, they encounter the citadel presided over by Immortan Joe. The two tyrants wage war for dominance, and Furiosa must survive many trials as she puts together the means to find her way home."
127473,¿Dónde estás amor de mi vida... que no te puedo encontrar?,1992-08-06,7.1,11.43,ES,A woman and a man known through a radio program dedicated to unite in their lone pairs listeners.
335064,O Barão Otelo no Barato dos Bilhões,1971-05-26,4.8,11.15,PT,"João-Sem-Direção knows Carvalhaes that proposes a blow to him. John does not accept the proposal, but ends up earning a hefty cash in the game."
299090,Treasure Island,1993-04-01,5.4,11.81,ZH,"A group of young Taipei residents is drawn into the city’s underworld through the growing obsession of one, the boyish Ah-feng, for the sexy Cantonese mistress of a gang boss."
791629,Ring! Ring! Ring! The Champion Belt of Tears,1993-05-08,0.0,11.6,JA,
290725,Lazarus: Apocalypse,2014-09-09,3.6,11.49,EN,"In 1957, insurance investigator George Lazarus is tasked with interviewing twelve employees of the Deadly Sin Cigarette Company when his firm receives a suspicious insurance claim. He learns that all twelve had been let go after contracting mysterious illnesses, but before he can report back, Lazarus goes missing without a trace. After his disappearance, his fiancée Bethany and his friend Chip set out to find him - but what they uncover may actually signal the end of the entire human race."
230278,Live is Life 2,2013-10-23,4.5,11.46,DE,"Follows ""Live is Life"" aka ""Die Spätzünder""."
780941,In One Hundred Years in May,1987-07-24,0.0,8.57,ET,"Viktor Kingissepp has been the underground head of the Communist Party of Estonia for three years. He corresponds with Moscow, writes speeches for the members of the Communist Workers' Party and makes leaflets for the events of trade union. His purpose is to overthrow the Republic of Estonia since he does not believe in Estonian independence nor in any national ideals. Yet the clock keeps ticking, tuberculosis spreads rapidly, the world revolution is being postponed. What to do in order to make one's efforts work?"
649624,The Presence of the Dead,2019-11-10,0.0,11.81,ES,"After receiving his last wage and sending it off to his home country, a house painter deliberately abandons his mobile phone on a park bench. Shortly after, a girl finds it and decides to keep it. She takes it as a sign sent directly to her that reveals the presence of the dead. A contemporary ghost story."
810693,Jujutsu Kaisen 0,2021-12-24,8.1,12.67,JA,"Yuta Okkotsu is a nervous high school student who is suffering from a serious problem—his childhood friend Rika has turned into a curse and won't leave him alone. Since Rika is no ordinary curse, his plight is noticed by Satoru Gojo, a teacher at Jujutsu High, a school where fledgling exorcists learn how to combat curses. Gojo convinces Yuta to enroll, but can he learn enough in time to confront the curse that haunts him?"
148489,Teenage Mutant Ninja Turtles: Getting Down In Your Town,1992-08-11,0.0,11.5,EN,Shredder is gone and the Turtles are still into music.  Though traveling with them this time is Casey Jones.
659117,A Love Story in the Time of HIV,2018-05-17,4.0,10.94,EN,Is intimacy limited only to the physical? Two lovers discover the word's real meaning when a difficult setback befalls one of them.
524129,Single/Single: Love Is Not Enough,2018-05-02,5.3,9.29,TL,It picks up where the series left off in its final episode as the relationship of Joee and Joey moves on to the next level. Joee is about to give birth while Joey remains in love with her and tries to become a responsible foster father.
1336993,Sylvia Plath reading poems from Ariel,1962-08-19,0.0,9.58,EN,"Sylvia Plath Read 18 Poems From Her Final Collection, Ariel, in a 1962 Recording"
352983,Protocol of a Revolution,1963-10-18,0.0,9.13,DE,The story of a revolution in a Caribbean insular state.
571601,39éme Festival Mondial Du Cirque De Demain,2018-02-01,8.0,11.11,FR,
51885,The Sun Also Rises,2007-09-20,7.4,11.61,ZH,"A polyptych of interconnected stories in different time-zones, shifting between a Yunnan village, a campus, and the Gobi Desert."
460132,El caso del procurador enamorado,1985-04-26,3.2,11.36,ES,"Salamanca, 1973. A congressman in love with his daughter's teacher hires an assassin to kill his wife."
15906,Barbie and the Magic of Pegasus,2005-10-04,7.2,11.75,EN,"Princess Annika escapes the clutches of the evil wizard, explores the wonders of Cloud Kingdom, and teams up with a magnificent winged horse - who turns out to be her sister, Princess Brietta - to defeat the wizard and break the spells that imprisoned her family."
340185,Dead Story,2017-01-20,3.8,11.43,EN,"When a young couple – Anne and Harold – moves into a new home without knowing it was a site of horrific murders, Anne's loneliness and strange behavior makes their relationship complicated, especially after Anne meets 'Mary', a dark presence from which she can't escape."
70145,Two Stories about Love,2009-06-06,0.0,9.76,EN,A love comes unexpected to the businessman (who meets the scientist woman) and his daughter (who meets scientist' sun).
454703,24 horas en la vida de Querejeta,2012-12-14,6.0,11.37,ES,
299804,Peony Lantern Ghost Story,2007-08-11,10.0,11.54,JA,Version of Botan Dōrō.
1252428,Anaconda,2024-03-01,7.1,15.48,ZH,"A struggling circus crew gets deceived by its former partner, as it embarks on a tour in Thailand. During the journey through a Southeast Asian rainforest, they encounter attacks by a giant python. They meet a mysterious man named Jeff who offers to help, but they soon realize he's a poacher. As they search for Jeff's boat, they face life-and-death struggles with the python and Jeff himself."
273690,A Guy Named Rick,2013-06-25,2.0,11.52,EN,God lives in New York City and He's really annoyed with the human race. He needs his faith in mankind restored and comes up with a plan. He dispatches his angelic assistant Serena to approach ladies' man Rick Cozwell and inform him that he has 60 days to fall in love or the world will come to an abrupt end.
552137,Chushingura,1938-03-31,6.0,11.57,JA,"The vassals of the Asano clan, who surrendered the castle & became wanderers, deceive the enemy and the public, wait for an opportunity to avenge their master and his family."
244998,Senario XX,2005-05-19,0.0,12.67,MS,"One alien crashed in a small village in Malaysia, create havoc with the villagers. To make it worst, there is some bad alien who pursue him."
1280450,Stolen Girl,2025-09-04,6.2,13.14,EN,"In 1993, Maureen’s six-year-old daughter Amina is snuck out of the country by her ex-husband, Karim. After years of unsuccessful attempts to find her, Maureen intersects with a professional retriever of internationally abducted children who promises to help her find Amina in exchange for her collaboration."
982874,The Year I Was Born,2022-09-25,2.0,13.37,ES,"Gustavo is a 33-year-old psychologist who takes care of Gerardo, his father. Pedro is a 36-year-old history teacher who comes to the country to meet his family for the first time in his life. None of them are ready for what comes ahead in the next forty-eight hours."
233925,Backside of 17,1972-09-06,1.0,11.51,JA,Pinku from 1972.
741880,Glimpses from a Visit to Orkney in Summer 1995,2020-09-25,0.0,11.34,XX,"In Aurand’s signature diaristic form, roses in bloom, farm animals, Orkney landscapes, and scenes of the late filmmaker Margaret Tait having tea are rendered through expressive Bolex movements as well as the director’s active camera, and punctuated by abstract swaths of saturated and shifting colors. The film is an homage to Tait, whom Aurand visited in Orkney."
274041,The Panels of São Vicente de Fora: A Poetic Vision,2010-09-21,6.4,11.35,PT,The characters from a historical piece of art come to life to discuss poignant themes such as war and world peace.
312019,Die große und die kleine Welt,1936-03-20,0.0,13.35,DE,"The taxi driver Fritz gets to know the millionaire-heiress Iris and marries her against the wishes of her family.  They live together in a small apartment and are very happy.  But Fritz wants to offer Iris more and thus finds a position as a laborer in a large car factory and ends up making a career for himself as a race car driver.  But while he is driving from one victory to another, he is getting more and more estranged from his young wife.  As his career starts to go downhill, he notices the mistakes he has made and tries to win Iris back."
12153,White Chicks,2004-06-23,6.9,13.35,EN,"Two FBI agent brothers, Marcus and Kevin Copeland, accidentally foil a drug bust. To avoid being fired they accept a mission escorting a pair of socialites to the Hamptons--but when the girls are disfigured in a car accident, they refuse to go. Left without options, Marcus and Kevin decide to pose as the sisters, transforming themselves from black men into rich white women."
401279,"Land der Väter, Land der Söhne",1989-04-27,0.0,13.34,DE,A young journalist researches the life of his father which leads him to path of contradictions until he uncovers a gruelling truth.
245077,Life in Your Hands,1959-05-23,7.0,13.33,RU,"The film is based on authentic events that took place in 1957 in Kursk. Fifteen years after the war, the sappers will have to clear away the ammunition depot left by the German's. The town rebuilt with such difficulty is under threat of explosion..."
610581,Getting to Know Jon Scieszka,2013-01-01,5.4,13.33,EN,"A light-hearted romp with beloved, award winning author/illustrator and the first National Ambassador for Young People's Literature. Get to know him as he discusses his life and aspirations."
79437,Hand of the Headless Man,2007-12-14,5.0,13.33,FR,"Eva, a 25-year-old woman, is an Olympic diver: a champion. Her father, Peter, is her coach. During a competition, Eva climbs up to the 10-meter platform. She leaps off when suddenly she sees a shadow in the pool. Terrified by this vision, Eva suddenly loses her balance, her head hits the diving board, and she falls. Blackout. When Eva regains consciousness, she is in the hospital. Naturally, her father is at her bedside. For him, the accident is already in the past: the Olympic Games are approaching, and it is essential not to miss the qualifiers. But Eva doesn't see it that way. The accident has changed her and her life. While she was in a coma, her brother disappeared. So she decides to force her memory to remember, to break through the wall of silence her father has built around her. Eva will emerge from this experience deeply shaken. So will her family, and nothing will ever be the same again."
199762,Tale of Two Sisters,1989-05-01,2.8,13.33,EN,"Two sisters reunite after not having seen each other for five years. While catching up on each others' lives, they relive childhood experiences, both good and bad."
269955,Obsessed,2014-05-14,6.7,13.33,KO,"A secret, passionate affair happens in the summer of 1969 between Colonel Jin Pyeong, trapped in a loveless marriage with Soo Jin, and Jong Ga Heun, the Chinese-Korean wife of Captain Kyung Woo Jin."
1328803,Prisoner of War,2025-09-19,7.2,13.32,EN,British RAF Wing Commander James Wright is captured by the Japanese during WWII and forced to fight in brutal hand-to-hand combat. The Japanese soldiers get more than they bargained for when Wright’s years of martial arts training in Hong Kong prove him to be a formidable opponent.
1519168,The Jester 2,2025-09-15,6.5,13.31,EN,"When teen magician Max crosses paths with the sinister Jester on Halloween night, she must outsmart a supernatural killer whose magic is all too real and whose tricks always end up in blood."
998886,In the Big Yard Inside the Teeny-Weeny Pocket,2022-08-03,7.8,13.31,JA,"When it shrinks, it expands. It floats and it sinks. It separates but connects. When I think I’m watching them, they're actually watching me.  A charming animation rhyme that weaves together the many days of observing, recording, and experimenting."
76341,Mad Max: Fury Road,2015-05-13,7.6,13.3,EN,"An apocalyptic story set in the furthest reaches of our planet, in a stark desert landscape where humanity is broken, and most everyone is crazed fighting for the necessities of life. Within this world exist two rebels on the run who just might be able to restore order."
433968,Mickey's Little Eva,1928-04-01,0.0,13.3,EN,"Mickey McGuire is putting on a bad performance of Uncle Tom's Cabin, but first he has to deal with the competition; another boy is putting on a wild animal show -- house cats inflamed by the ""tamer"" having white mice in his trousers."
109002,Shahji Ki Advice,2006-06-06,0.0,13.29,HI,This movie will definitely tickle your funny bone as Jaspal Bhatti brings a very unusual consultancy. This is a consultancy that offers unusual solutions to everyday problems and extraordinary solutions to unusual problems. In short keep laughing your way to health.
305931,Kaiser Joseph und die Bahnwärterstochter,1963-03-08,0.0,13.27,DE,
974663,200% Wolf,2024-07-04,6.1,13.26,EN,"When Freddy Lupin's wayward wish transforms him into a werewolf and deposits a mischievous moon sprite on Earth, Freddy must restore the cosmic order before the earth and moon collide."
956799,Atomic Hope: Inside the Pro-Nuclear Movement,2023-02-17,5.5,13.26,EN,"Is nuclear energy the solution to the climate crisis? Whether it is the only carbon-neutral technology capable of tackling the crisis or a fatally convenient stopgap, time is running out."
26739,Inside Burma: Land of Fear,1996-05-14,7.0,13.25,EN,"“On the surface, everything appears serene... But Burma is also a secret country, isolated for the past 34 years since a brutal dictatorship seized power, the assault on its people all but forgotten. To tell their story, we had to go undercover. What we found was a land of fear.”"
943028,Il mondo è fatto a scale (Frammenti),2001-09-08,0.0,13.25,IT,Fragments of what would've been Piero Natoli latest film before his untimely death.
744884,"All About ""All About Lily Chou-Chou""",2002-06-28,4.5,13.25,JA,The making of 'All About Lily Chou-Chou' starting from its conception as an interactive story that played out on a BBS
187238,Si può fare l'amore vestiti?,2012-12-05,5.8,13.26,IT,
1443594,Moře na dvoře,2025-03-06,6.8,11.33,CS,"Josef is a successful violin maker. He enjoys seeing the instruments he makes bring joy to people all over the world. He himself prefers to spend his time in his workshop in the courtyard of a tenement house. He has never been to the sea; his sea is a puddle in the courtyard, which he protects from drying out so that the birds have something to drink. He has no wife or children, only his dog Pampeliška, who accompanies him everywhere. Josef secretly loves his beautiful neighbor Anežka and looks forward to Wednesday chess games with his best friend Václav, a charismatic piano tuner."
373667,Os Carrascos Estão Entre Nós,1968-12-20,0.0,11.21,PT,Brazilian intelligence agent finds and pursues Nazi war fugitives hiding in Brazil.
228137,Brother for All the Money,1979-05-25,4.8,11.27,CS,"Honza and Zuzana are very young husband and wife. They have a little daughter of whom willingly occasionally take care the grandparents and Honza's fifteen-year-old brother Martin. Zuzana continues studying and Honza devotes all weekends as an amateur competitor to the motor-cycles at the speedway. Zuzana is not interested in motor-cycles. Martin holds responsible for his brother's marriage and at the advice of his friend Magda, who is of the same age, invites her sister-in-law to the club of Hucul horses so that she does not feel bored. But by misfortunes and unexplained quarrels both young husband and wife start being jealous of one another."
15903,Faces of Death V,1995-10-10,3.3,11.65,EN,A direct-to-video compilation of the highlights of the earlier films in the Faces of Death series.
305535,What's Happening! The Beatles in the USA,1964-10-16,7.3,13.23,EN,"New York, USA, February 1964. Five grueling days in the life of George, John, Paul and Ringo, the Fab Four, The Beatles: the hysterical fan reception at JFK airport; several press conferences; in their rooms at the Plaza Hotel; in the backstage at the Ed Sullivan Show; hanging out with the legendary DJ Murray the K; and the frantic return home."
455662,A Sword Named Revenge,1981-09-11,5.0,11.41,ZH,"Two swordsmen from separate sects band together to kill Ruthless Chi, head of another sect.But did he really die? Events show that the Ruthless killer stills controls the strings and its up to the swordsmen to reveal his true identity."
119223,El Diamante de Caro Quintero,2001-01-01,5.0,9.02,ES,
422001,Growing Up: Chinese Geese in Orkney,1970-01-01,0.0,11.22,EN,Chinese Geese in Orkney.
10149,Smoke,1995-06-09,7.2,11.21,EN,"Writer Paul Benjamin is nearly hit by a bus when he leaves Auggie Wren's smoke shop. Stranger Rashid Cole  saves his life, and soon middle-aged Paul tells homeless Rashid that he wouldn't mind a short-term housemate. Still grieving over his wife's murder, Paul is moved by both Rashid's quest to reconnect with his father and Auggie's discovery that a woman who might be his daughter is about to give birth."
464759,Infiltration,2017-08-02,6.6,11.39,FR,"A well-respected plastic surgeon dedicated to helping patients with severe burns questions his career, his family…his perfect life and ultimately, his sanity when an encounter with a disgruntled patient triggers a psychological spiral no one can control."
352871,Auto-Lite on Parade,1940-08-03,0.0,11.21,EN,Tour of an auto parts and accessories factory climaxing with a stop-motion product parade.
766507,Prey,2022-08-02,7.7,13.13,EN,"When danger threatens her camp, the fierce and highly skilled Comanche warrior Naru sets out to protect her people. But the prey she stalks turns out to be a highly evolved alien predator with a technically advanced arsenal."
73861,A Serbian Film,2010-01-06,5.4,12.47,SR,"Retired porn star Milos leads a normal family life trying to make ends meet. Presented with the opportunity of a lifetime to financially support his family for the rest of their lives, Milos must participate in one last mysterious film. From then on, Milos is drawn into a maelstrom of unbelievable cruelty and mayhem."
28141,Agítese antes de usarla,1983-09-12,6.2,11.55,ES,
703501,Municipal Building Passage,2020-05-12,0.0,11.41,EN,An Eternalism film.
1250503,A Glimpse of Forever,2024-03-06,0.0,8.9,TL,"Jasmine Curtis-Smith, Diego Loyzaga and Jerome Ponce star in this love story about a woman’s pursuit for comfort in virtual dating to make up for the lack of romance from her real-life partner. But what was meant to be make-believe may turn out to be a genuine connection."
535162,Los meses y los días,1973-02-22,3.7,11.48,ES,"Young woman wants to move out of her parents' house, but it's not yet a cultural norm for unmarried women to live alone, and she faces lots of different problems in her attempts toward liberation."
460069,El caso de las envenenadas de Valencia,1985-04-12,5.5,11.17,ES,"Valencia, 1955. A down-on-her-luck spinster poisons her friend and employers out of envy."
271110,Captain America: Civil War,2016-04-27,7.4,12.76,EN,"Following the events of Age of Ultron, the collective governments of the world pass an act designed to regulate all superhuman activity. This polarizes opinion amongst the Avengers, causing two factions to side with Iron Man or Captain America, which causes an epic battle between former allies."
1489989,The Last Word on Julie,1964-01-26,0.0,13.15,EN,Beautiful 23-year-old Julie Lister has left home to enjoy the single life. Reckless with money her love life is a disaster but when friends and family receive letters they fear she may have committed suicide.
302630,Ein Mädchen aus Paris,1954-11-23,0.0,13.14,DE,
28799,Escape from Death,1989-01-01,4.2,13.14,IT,"Anne is convinced she has found her husband's corpse, but Dr. Mark can only find out that the man has gone home. When he comes back, his wife does not trust Mark, who believes she suffers from schizophrenia."
1463020,The Man from Nevada,1929-08-01,5.0,13.14,EN,"Jack Carter rides into Nevada and finds himself caught between a local family feud and a dangerous outlaw gang. As he earns the trust of the Watkins family, Carter must confront Luke Baldridge and fight to bring justice to a lawless town."
1130094,NJPW Resurgence 2023,2023-05-21,5.5,13.14,EN,"Resurgence 2023 was a professional wrestling pay-per-view (PPV) event produced by New Japan Pro-Wrestling (NJPW). It took place on May 21, 2023, at Walter Pyramid in Long Beach, California. It was the third Resurgence event, and was headlined by the final match of the NJPW STRONG Women’s Championship Tournament."
615677,We Can Be Heroes,2020-12-25,6.0,13.12,EN,"When alien invaders capture Earth's superheroes, their kids must learn to work together to save their parents - and the planet."
1218458,"Mangas, une révolution française",2023-12-15,5.7,13.11,FR,"2021 served as a revelation for the last holdouts: thanks to confinement and the “Culture Pass”, manga sales and streaming anime viewing hours have exploded. These are today the dominant cultural works among young people. In truth, the trend has already been present for at least ten years. However, not so long ago, criticisms were rife and politicians accused manga of all evils. For the first time, precursors and current generations, cartoonists and publishers, absolute fans and rappers speak about their passion for these comics from Japan."
29085,El día que me amen,2003-06-12,5.9,13.11,ES,"Mental illness and the power of friendship. Mara and Joaquín were childhood friends, next-door neighbors. They are now in their early 30s. She's returned to Acassuno after eight years abroad, ostensibly to audition for a part in a musical. Joaquín has been a recluse in his parents' house, perhaps because Mara left without a word years before. Mara seeks to renew the friendship, which may be good f"
539972,Kraven the Hunter,2024-12-11,6.4,13.11,EN,"Kraven Kravinoff's complex relationship with his ruthless gangster father, Nikolai, starts him down a path of vengeance with brutal consequences, motivating him to become not only the greatest hunter in the world, but also one of its most feared."
6224,Clear the stage for Marika,1958-08-14,5.0,13.11,DE,"A dance and music film tailored completely for Marika Rokk:  After her divorce, the wife of a composer uses her wit and charm to engage Marika as a singer and dancer on the stage.  This manages to give life once again to the extinguished love between her and her former husband."
806648,"Érase un niño, un guerrillero, un caballo…",1967-12-04,0.0,13.11,ES,"Feature film that wraps, through Jorge Lillo's text, three short films by Helvio Soto"
149932,The Invisible Army,1945-10-04,6.5,13.1,DA,Sabotage of a Nazi factory is carried out by the husband of the lover of a resistance leader.
552221,Beauty Lives in Freedom,2018-10-05,0.0,13.09,ZH,"Gao Ertai (1931) is an artist, teacher, philosopher who, in the 1950s, was imprisoned in the Jiabiangou Labour Camp. The film works as a diptych with Fengming, the confessional story of another victim of reprisals, and closes a vast film series on those who disappeared."
329878,The Blues of Pop Street,1983-01-01,4.6,13.09,ES,"Mary Ocky, a beautiful girl from Mondonedo, Ohio, comes to seek the help of the famous PI Philip Marlboro in order to find her boyfriend Macho Jim who went missing three months earlier under obscure circumstances. Marlboro’s investigations take him to Shit City, a grim place devoured by sin and corruption where punk gangs have taken over."
1104601,The Diary of Paulina P.,2023-03-17,8.0,13.09,HR,"This is a story about Paulina P. in which we follow her adventures in class and at home, as well as all the problems she successfully overcomes during the school year. The movie is based on a famous children's book in which she talks about her friendship, love, and family-related problems through comic situations. The plot of the movie itself is set in the real world, with a touch of ""magic""."
991757,Vomero Travel,2010-02-10,0.0,13.08,IT,
136172,Der Jäger von Fall,1957-01-11,5.5,13.08,DE,
274857,King Arthur: Legend of the Sword,2017-05-10,6.6,13.08,EN,"When the child Arthur’s father is murdered, Vortigern, Arthur’s uncle, seizes the crown. Robbed of his birthright and with no idea who he truly is, Arthur comes up the hard way in the back alleys of the city. But once he pulls the sword Excalibur from the stone, his life is turned upside down and he is forced to acknowledge his true legacy... whether he likes it or not."
1175662,The Mystery of Emma Thorn,2025-09-27,3.0,13.08,EN,A woman's unusual disappearance leaves her distraught husband and son--and a sympathetic police detective--to try to unravel how and why.
483211,Conny Plank: The Potential of Noise,2017-09-28,7.2,13.08,DE,"When Conny died at the age of only 47, his son Stephan was just 13 years old. Twenty-five years later, together with co-director Reto Caduff, he went in search of the man he often only experienced behind the mixing desk as a child. At the same time it became the search for the artistic legacy of his father."
1000927,"The Myrna Diones Story (Lord, Have Mercy!)",1993-09-29,0.0,13.07,EN,"Based on the real life story of Myrna Diones, a 14 year-old survivor of a brutal massacre of her, her sister and their two cousins in the Cordillera mountain range in northern Luzon by the very people who should've protect them, policemen ."
1002141,Se quell'idiota ci pensasse...,1939-02-01,0.0,13.06,IT,
295435,Ein Herz schlägt für dich,1949-04-12,0.0,13.06,DE,
1182861,Romería,2025-09-05,6.5,13.06,ES,"Marina, 18, orphaned at a young age, must travel to Spain’s Atlantic coast to obtain a signature for a scholarship application from the paternal grandparents she has never met. She navigates a sea of new aunts, uncles, and cousins, uncertain whether she will be embraced or met with resistance. Stirring long-buried emotions, reviving tenderness, and uncovering unspoken wounds tied to the past, Marina pieces together the fragmented and often contradictory memories of the parents she barely remembers."
300154,The Leap from the Water Tower,1915-01-09,0.0,13.06,EN,"Rand, a vengeful discharged fireman, tampers with the airbrakes of a large freight locomotive making them useless on the long descent from the summit of Pine Hill to Lone Point the following day. Learning of the impending peril, Helen dashes to a water tower under which the train must pass, climbs out on the spout, leaps onto the roof of one of the cars, and warns the engineer in time. Helen's heroism wins her another offer of marriage, this time from Wadsworth, the freight engineer, but once again she opts for next weeks hazards instead."
580923,Super Mario vs. Son Goku,1995-01-01,0.5,13.05,TL,Loony William Martinez stars as your COMPU-WHACKO THRILL-SEEKER who entered into a series of hell-raising misadventures that will take the viewers to the outskirts of computer-generated fantasia. Isabel Granada also dished out an equally riveting comical thespian power as Martinez's lady love.
1225106,Thalidomide: The Ninety-Eight We Forgot,1974-06-02,0.0,13.04,EN,"Allied to a four-year Daily Mirror campaign by John Pilger that helped achieve compensation for many of the forgotten and mostly working class victims of the notorious drug prescribed to women during pregnancy. Broadcast in 1974, the theme of Thalidomide: The Ninety-Eight We Forgot was to become a Pilger hallmark: injustice."
637649,Wrath of Man,2021-04-22,7.6,13.04,EN,"A cold and mysterious new security guard for a Los Angeles cash truck company surprises his co-workers when he unleashes precision skills during a heist. The crew is left wondering who he is and where he came from. Soon, the marksman's ultimate motive becomes clear as he takes dramatic and irrevocable steps to settle a score."
940551,Migration,2023-12-06,7.4,13.04,EN,"After a migrating duck family alights on their pond with thrilling tales of far-flung places, the Mallard family embarks on a family road trip, from New England, to New York City, to tropical Jamaica."
37165,The Truman Show,1998-06-04,8.1,13.04,EN,An insurance salesman begins to suspect that his whole life is actually some sort of reality TV show.
232288,A Trip to Salt Lake City,1905-06-05,6.0,13.03,EN,"Made in 1905 when short films were still being done in just one shot (for the Kinetoscope peep-show machines) and lasted about 2 minutes, this depicts a Mormon man trying to get his wives and children settled down for the night on a Pullman car in a train. The children wear him out wanting piggy-back rides, he and the wives put the children in their beds, but of course they need a drink. The poor mans takes a lip lashing from his wives and hurries out, returning shortly with a large milk can with several straws attached."
66202,„Rakev ve snu viděti...“,1968-07-26,4.0,13.03,CS,"The Ronov castle has been changed into a hotel, offering stylish facilities to its guests: weddings in the torture chamber, a Black Lancer kidnapping brides, a night's lodging in a family tomb etc. The reformed petty swindler Felix Pacínek (Bohumil Smída) runs the hotel. The business is far from thriving; the place is half-empty, and the jazz band Skeleton, together with their singer Zuzanka (Jaroslava Obermaierová), decide to leave. Nobody in the hotel has any idea that the band is in fact a gang of thieves who have just robbed the Prague State Bank, taking two million crowns from its vaults."
740854,Walk with Kings,2020-09-11,0.0,13.01,FR,"A father, reconnecting with his son, is the victim of an incident that suddenly shakes up his fragile reconstruction."
345362,La mujer que yo amé,1950-06-29,6.4,13.01,ES,"A musician is injured and threatened for defending a girl and decides to go to the capital, where fame and success achieved. She is glad to know that he has succeeded, however, has become a street prostitute prone to paralysis. Finally one day he takes courage and decides to look for, since it has become invalid again ..."
944117,Abbé Pierre - A Century of Devotion,2023-11-08,6.5,12.99,FR,"The life of Henri Grouès, known as Abbé Pierre, from his time in the Resistance in WWII to his fights against poverty and for the homeless."
373399,A Song of Lisbon,2016-07-14,5.6,12.98,PT,"How happy and proud they are those two ladies back in Oporto! Thanks to them, their bright nephew can study medicine in Lisbon and may already have become a doctor. Little do they know, not only Vasco wastes all his time drinking, dancing and picking up girls but he has just failed his final exam! And in that same day, he receives an email from the two aunts announcing their visit to Lisbon! Will he be able to make them believe he is such a good student as they think?"
591403,The President's Cell Phone,2012-02-01,2.0,12.98,EN,An old man who is a simple worker decides that he wants to buy a cell phone. He goes to buy some second hand ones but by accident the president's used cell phone is the one which he buys.
1236153,Mercy,2026-01-21,0.0,12.98,EN,"In the near future, a detective stands on trial accused of murdering his wife. He has 90 minutes to prove his innocence to the advanced A.I. Judge he once championed, before it determines his fate."
42249,Left for Dead,2005-09-09,3.0,11.15,EN,"Left For Dead is a revenge thriller set in a city called Hope, where a crimelord called Kincaid rules with an iron fist. Williams, a former hitman for Kincaid is attacked and left for dead when he tries to leave the organisation. He teams up with Kelso, a kickboxer who had his hands smashed by Kincaid, and together, they seek revenge."
591998,The Year London Blew Up,2005-09-01,8.0,11.07,EN,"Told through documentary, drama and first-hand accounts, this revealing film is a unique account of the most ruthless IRA bombing campaign ever to hit mainland Britain."
827172,Merpati Tak Pernah Ingkar Janji,1986-03-27,0.0,11.3,EN,"Maria since childhood was directed by her father to become a nun. As a result of her father's cultivation of a rigid appreciation, Maria always feels awkward, including the delinquency that is common for a girl. He also first falls in love with Guntur. Maria finally actually became a nun."
999808,50 Years on: Yasujiro Ozu's Secret Vision,2013-12-12,0.0,11.05,JA,"Documentary celebrating the life and work of Yasujiro Ozu, fifty years after his death."
195067,Once Upon a Time in the East,1974-05-26,4.9,11.3,FR,"Two women and a transvestite gay man cross paths in this French Canadian drama. The transvestite is preparing for a drag-queen beauty pageant, and has decided to present himself as Cleopatra. Of the two women, one was just fired from her waitressing job and seeks to go back to work at the nightclub where the beauty pageant is to be held. The other woman's mother has just won one million food stamps."
150514,La tête la première,2012-10-03,3.6,11.31,EN,"Zoé decides to hit the road to approach a writer she admires (played by the French director Jacques Doillon). She believes that a road trip might give purpose to her life. On the way, she meets Adrien, a young comedian. Intrigued by her elusive personality, he decides to follow her."
1322115,How Would You End It,2024-11-01,0.0,10.85,EN,"Desperate for attention, a nerdy loner dials a suicide prevention line, only to reach a counselor with a twisted hobby for pushing callers to end it."
364923,El caso de una adolescente,1958-11-20,5.0,11.1,ES,
486554,Le Point Virgule fait l'Olympia - 10e édition,2017-06-10,0.0,10.8,FR,
37416,Be Here to Love Me,2004-09-13,7.1,10.99,EN,Chronicles the fascinating and often turbulent life of Townes Van Zandt.
694,The Shining,1980-05-23,8.2,13.83,EN,"Jack Torrance accepts a caretaker job at the Overlook Hotel, where he, along with his wife Wendy and their son Danny, must live isolated from the rest of the world for the winter. But they aren't prepared for the madness that lurks within."
10191,How to Train Your Dragon,2010-03-18,7.9,13.48,EN,"As the son of a Viking leader on the cusp of manhood, shy Hiccup Horrendous Haddock III faces a rite of passage: he must kill a dragon to prove his warrior mettle. But after downing a feared dragon, he realizes that he no longer wants to destroy it, and instead befriends the beast – which he names Toothless – much to the chagrin of his warrior father."
499042,John & Marsha sa Amerika (Part Two),1975-04-12,0.0,11.08,TL,
540309,Au pays du soleil,1934-02-02,0.0,11.05,FR,Life is good in the port of Marseille but Titin is accused of murder!! ... His girlfriend is very unhappy and does not know what to do to prove her innocence .
1478823,Live at the Met: From Stage to Screen,2015-04-25,0.0,11.03,EN,"This incredible look at the preparation and production of a Live in HD cinema transmission takes you behind the scenes of the new Cav/Pag with the HD director, host, stars, and crew for an up-close view of the exciting process behind the Met's extraordinary HD presentations."
664842,V tom domečku pod Emauzy,1934-03-23,0.0,12.88,CS,
566345,Une nuit rêvée pour un poisson banal,1980-06-27,0.0,10.99,FR,"In an elevator, a group of young people are in conversation..."
454398,El turista,1963-04-04,0.0,9.07,ES,
558449,Gladiator II,2024-11-13,6.6,12.65,EN,"Years after witnessing the death of the revered hero Maximus at the hands of his uncle, Lucius is forced to enter the Colosseum after his home is conquered by the tyrannical Emperors who now lead Rome with an iron fist. With rage in his heart and the future of the Empire at stake, Lucius must look to his past to find strength and honor to return the glory of Rome to its people."
840326,Sisu,2022-09-09,7.4,11.91,FI,"When an ex-soldier who discovers gold in the Lapland wilderness tries to take the loot into the city, German soldiers led by a brutal SS officer battle him."
1130276,Succubus,2024-10-06,8.7,12.89,EN,A new father going through a marital separation joins a dating app and matches with a beautiful but mysterious young woman... whose powers of seduction and manipulation entangle him in a mystery more horrifying than he could have ever imagined.
208838,New Shadow Warriors III: Jiraika 1,2003-09-19,7.0,12.89,JA,"Toyotomi Hideyori's married granddaughter, Princess Sen, is targeted by someone. Hattori Hanzo, who receives the news, challenges the blocking of conspiracy to recover Senhime."
334099,Kiez,1983-04-22,2.7,12.88,DE,"Set in Hamburg's “Hell's Kitchen,” a waterfront milieu of gangsters, pimps, dealers and prostitutes, the story follows the attempts of an ex-seaman first to insinuate himself into the scene, and then to extricate himself from it. He becomes a small-time pimp, sending his naive girlfriend out onto the streets thinking she is financing their middle-class future. When he becomes involved with an old pal, Nil, he increases his criminal portfolio. But when he steals Nil's girlfriend and things heat up, he leaves for his sister's middle-class home in Berlin, where his attempts to fit in are doomed from the start. Returning to Hamburg, he starts a rapid decline that delivers him into the waiting arms of Nil, whose revenge is merciless."
337404,Cruella,2021-05-26,8.0,12.88,EN,"In 1970s London amidst the punk rock revolution, a young grifter named Estella is determined to make a name for herself with her designs. She befriends a pair of young thieves who appreciate her appetite for mischief, and together they are able to build a life for themselves on the London streets. One day, Estella’s flair for fashion catches the eye of the Baroness von Hellman, a fashion legend who is devastatingly chic and terrifyingly haute. But their relationship sets in motion a course of events and revelations that will cause Estella to embrace her wicked side and become the raucous, fashionable and revenge-bent Cruella."
101,Léon: The Professional,1994-09-14,8.3,12.87,FR,"Léon, the top hit man in New York, has earned a rep as an effective ""cleaner"". But when his next-door neighbors are wiped out by a loose-cannon DEA agent, he becomes the unwilling custodian of 12-year-old Mathilda. Before long, Mathilda's thoughts turn to revenge, and she considers following in Léon's footsteps."
302312,Trading Cities,2014-07-02,5.0,12.87,PT,"This film tries to make a silent record of the arrival of an economy of scale, its flows, and its effects upon the transformation of an island’s physical and human landscape."
1102020,El cine mexicano de fiesta,1958-09-01,0.0,12.86,ES,
369786,Los Sánchez deben morir,1966-05-12,5.3,12.86,EN,An anxious father wants to trap the Sanchez brothers into marrying his two daughters.
1526479,The Best Little Whorehouse in Texas,2006-10-17,0.0,12.85,EN,"When a Conservative TV crusader threatens to shut down beloved brothel, the Chicken Ranch, proprietress Miss Mona Stangley and her girls won't go down without a fight. Filmed at the August Wilson Theater in New York on October 16, 2006 as part of the Actors' Fund Concert."
262188,Laß mich am Sonntag nicht allein,1959-12-18,0.0,12.85,DE,
693979,The Secret Game of the Immoral Wife,2015-12-18,4.0,12.84,JA,"From the first moment, Haruo saw Makoto in a busy street crossing, it was love at first sight. He spent five years stalking her and looking at her in her house through binoculars from his apartment across the street. Watching Makoto’s seemingly perfect life with her husband became a daily habit for him. He even mastered lip-reading in order to act out conversations with her. One day. Haruo witnesses Makoto’s husband, Mikiya, having sex with another woman. To expose her cheating husband’s lies, Haruo takes photos of the incident and sends them to Makoto, along with a letter, However, when she receives the photos, she throws them away without any reaction, and their normal husband-and-wife routine resumes as if nothing happened. [Exists in 2 versions: the original R18 version, and the R15 edit version]"
1312646,Schitterend,2024-12-12,4.7,12.84,NL,"'Schitterend' tells the story of six women in different age phases, who all struggle in their own way with self-image, beauty and expectations from society."
248811,A Child Called Jesus,1987-01-08,6.6,12.84,IT,"The film attempts to fill in the ""missing years"" of Jesus, from ages 3 through 12. When King Herod fearing that the Messiah has indeed been born, orders that all Hebrew male children under the age of three be slain, Joseph moves his family near Egypt. Here, Jesus, sensing His divinity, expresses a desire to return to Nazareth. Travelling homeward with His mother Mary, Jesus flashes forward to events that will unfold in his adult life."
286217,The Martian,2015-09-30,7.7,12.84,EN,"During a manned mission to Mars, Astronaut Mark Watney is presumed dead after a fierce storm and left behind by his crew. But Watney has survived and finds himself stranded and alone on the hostile planet. With only meager supplies, he must draw upon his ingenuity, wit and spirit to subsist and find a way to signal to Earth that he is alive."
1338799,JUJUTSU KAISEN: Hidden Inventory / Premature Death - The Movie,2025-05-30,8.1,12.84,JA,"Pursued by a religious cult and other curse users, former friends Satoru Gojo and Suguru Geto are the only sorcerers capable of carrying the difficult task of protecting Riko Amanai, a student who has been designated to be sacrificed as the Star Plasma Vessel, until she can fulfill her duty."
361066,On the Road : A Document,1964-01-01,5.3,12.84,JA,"Japanese documentary from 1964 directed by Noriaki Tsuchimoto. The film focuses on the taxi drivers of Tokyo in the year before the Tokyo Olympics and the difficulties they face: construction obstructing traffic, poor working conditions, numerous accidents, and bad pay. It becomes a critique of a changing and modernizing urban Japan."
18801,Haunted,1995-10-27,6.1,12.83,EN,"Professor David Ash exposes false spiritulists and mediums. He is invited to Edbrook to resolve the fears and torments within its secretive family. Soon after arriving Ash begins to doubt his own senses, and watching the strange behaviour of its residents does not make his task any easier. In time, he finds there's more to Edbrook than even he can debunk."
23566,Barbie and the Three Musketeers,2009-09-15,7.3,12.83,EN,"Corinne is a young country girl who heads to Paris to pursue her big dream – to become a female musketeer! Never could she imagine she would meet three other girls who secretly share the same dream! Using their special talents, the girls work together as a team to foil a plot and save the prince. It's all for one and one for all!"
65795,The Education of Fairies,2006-06-23,6.2,12.83,ES,A man's life is turned upside down after he is abandoned by the woman he loves.
404977,The Cameric Five In Green,1995-01-01,10.0,12.82,HE,"Hahamishia Hakamerit (Hebrew: החמישייה הקאמרית, The Kameri Quintet‎‎) was a weekly Israeli satirical sketch comedy television program created by Asaf Tzipor, who was also the main writer of the show, and Eitan Tzur, who directed the entire run of the show. Hahamishia Hakamerit was broadcast on Israeli Channel 2 and Channel 1 between the years 1993-1997. Later on, reruns of the show were broadcast on the cable channel Bip (channel).  The show's often surreal skits were characterized by a satirical point of view which did not spare the audience sensitive subjects such as politics, national security, the Holocaust and sex."
682818,Národ sobě aneb České moře v 18 přílivech,2003-10-25,4.2,10.71,CS,"""Situation of the Street"" - An experimental study about Czech life, focusing on Prague's National Street, its businesses and the varied people who frequent it."
1151272,Sirāt,2025-06-06,6.9,12.58,ES,"A man and his son arrive at a rave lost in the mountains of Morocco. They are looking for Marina, their daughter and sister, who disappeared months ago at another rave. Driven by fate, they decide to follow a group of ravers in search of one last party, in hopes Marina will be there."
335410,Hécuba: un sueño de pasión,2006-10-27,8.0,10.98,ES,"What we tend to identify with the acting profession has little to do with what is really this profession. Thirty-six Spanish actors reflect on their work and contrasted their experiences. As thread, the contrast between the voices of veterans and images of young theater students , for whom everything is still possible. Among the many actors are interviewed Javier Bardem, Antonio Banderas, Victoria Abril, Carmen Maura, Fernando Fernán Gómez, José Luis López Vázquez, José Coronado, Emma Suarez, Alberto San Juan, Ariadna Gil, Ana Belén, Pilar Lopez de Ayala and many other."
249547,The Highway of Life,1980-11-02,6.5,11.2,PT,The rise of real life country singers Milionário e José Rico from their humble beginnings until musical success.
1429520,Sidelined 2: Intercepted,2025-11-27,7.5,13.4,EN,"Freshman star quarterback Drayton struggles with the weight of expectations after a devastating setback, while dancer Dallas begins to question the future she thought she wanted. As their high school relationship begins to unravel under the pressures of distance and self-discovery, they’ll learn that the bravest versions of themselves emerge when they let life redirect them."
71685,Xuxinha and Guto Against the Space Monsters,2005-12-23,4.7,10.93,PT,"With the help from his little guardian angel, Xuxinha, a 7-year old boy called Guto faces the terrible garbage eating monsters from the planet XYZ in the first-ever animated Xuxa film."
1080372,The Changing Same - Episode 1: The Dilemma,2021-01-28,0.0,11.42,EN,"The Changing Same is a magical realist, immersive, episodic virtual reality experience where the participant travels through time and space to witness the connected historical experiences of racial injustice in America."
209112,Batman v Superman: Dawn of Justice,2016-03-23,6.0,12.16,EN,"Fearing the actions of a god-like Super Hero left unchecked, Gotham City’s own formidable, forceful vigilante takes on Metropolis’s most revered, modern-day savior, while the world wrestles with what sort of hero it really needs. And with Batman and Superman at war with one another, a new threat quickly arises, putting mankind in greater danger than it’s ever known before."
1370901,Behind the Times,1911-08-01,0.0,12.8,EN,"This is a touching story, faithfully told, and shows the devotion of a venerable preacher whose church has retired him because it thought he had outlived his usefulness. In his place a younger minister is secured, who fails at each call made upon him to do his Christian duty."
397712,"Josué de Castro, Cidadão do Mundo",1994-01-02,0.0,11.15,PT,
274101,Tuve un sueño contigo,1999-11-23,2.0,9.19,ES,A sucesseful doctor gets involved in an extramarital affair he can't escape.
778054,Los millones de Polichinela,1941-11-05,0.0,12.79,ES,
975939,Country Bumpkin Visits His In-Laws,1937-01-01,0.0,12.19,CN,The only film written and directed by Run Run Shaw.
326861,The Professor and the Beauty Queen,1967-10-02,0.0,10.73,AF,"Pietergrhamesbosch has it firts beauty contest ""miss south easter"" with a total sum of 25000 rand."
210358,Between Night and Day,2013-01-18,7.1,10.9,ES,"Francisco, a man with autism resides secluded, ignored and locked away. He's a burden on his brothers, and decides to flee into the forest, where he befriends a rat."
1056689,"Richard Wagner: Götterdämmerung - Aus der Staatsoper Unter den Linden, Berlin",2023-08-20,0.0,11.27,DE,
615336,The Heart with a Million Knots,1973-10-25,0.0,10.98,ZH,
645362,The Kacey Musgraves Christmas Show,2019-11-29,7.1,9.95,EN,"Join Kacey Musgraves for a holiday variety show featuring new songs, time-honored classics, and a rotating cast of celebrity friends."
10020,Beauty and the Beast,1991-10-22,7.7,11.31,EN,"Follow the adventures of Belle, a bright young woman who finds herself in the castle of a prince who's been turned into a mysterious beast. With the help of the castle's enchanted staff, Belle soon learns the most important lesson of all -- that true beauty comes from within."
670,Oldboy,2003-11-21,8.2,12.3,KO,"With no clue how he came to be imprisoned, drugged and tortured for 15 years, a desperate man seeks revenge on his captors."
961034,The Stalker Chronicles: Episode Three - Identity,2009-05-14,0.0,10.87,EN,Susan Parker has been kidnapped by a hooded stranger. As he leads her through the woods she pleads for her life but her fate has been sealed and she knows it.
268602,¡Qué tía la C.I.A.!,1985-04-22,6.3,11.07,ES,
487852,A Trip to Jamaica,2017-09-25,4.0,11.06,EN,"A story about the adventures of a newly engaged couple in their relatives residence outside Nigeria, and how the secrets of their host led to the eventual breakup of their union amidst the culture shock of the new country and living with upper-class citizens."
870465,Hannibal's March on Rome,2018-03-17,5.2,10.43,EN,"Even 2,000 years after his death, General Hannibal's battle strategies are still studied today. But of all his military feats, perhaps his greatest was leading his massive Carthaginian army of men and three-dozen elephants across the Alps and into the heartland of Rome in 218 B.C. Until now, the route they took has been a matter of dispute, but thanks to modern-day technology, geomorphologist Bill Mahaney and microbiologist Chris Allen believe they've accurately traced this ancient journey."
166202,What's a Girl Like You Doing in a Place Like This?,1978-08-16,3.5,10.85,ES,"Persecuted by her controlling ex-husband, Rosa plots an escape"
1186739,Mrs. Wiggs of the Cabbage Patch,1914-12-31,0.0,10.86,EN,"Mrs. Wiggs, a loving mother whose husband has abandoned her, supports her many children and lives in hope of her husband's return."
285628,Com a Cama na Cabeça,1972-02-03,10.0,12.72,PT,
464522,La banda de la sotana negra,1983-07-02,5.7,11.11,ES,Three punk cholos in Tijuana steal cassocks from a church so they can do crimes better.
1259886,Livingston - A Plan for Living,1976-01-01,0.0,10.85,EN,A look at the new Scottish town of Livingston and it what it has to offer a young family.
78794,Quand les anges s'en mêlent,2006-03-15,2.0,10.09,FR,"Esther is a want-to-be author, trying to get her first novel published . She is about to get married to David, a young doctor. She feels quite unconfortable between her mom harassing her with the wedding preparation, her sister urging her to think twice before, her fiancé who falls for her best friend and a clairvoyant who tells her she will meet another man pretty soon. When she runs into Adam, a childhood friend, something clicks in her. She decides to reinvent her life. It is now time for her to make a real choice"
522686,17 años juntos,2016-06-27,6.3,11.33,ES,
707812,Sazae's Engagement Trip,1958-08-26,0.0,10.92,JA,An adaptation of the popular Sazae-San comic strip. The first entry in the series shot in TohoScope.
1318861,VIVA - The opening Ceremony Documentary of Rio 2016,2017-09-07,10.0,10.86,PT,"For the first time ever, experience the work of a nation as it host the world and puts on a show like never before."
878745,The Coffee Tree Fungus,1980-01-01,0.0,11.06,ES,Short animated film. Plot unknown.
341528,Dreams from the Middle of the World,1999-09-02,6.0,10.78,ES,"A bus called Sueños (Dreams) links three modern-day tales set in exotic Ecuador - the equator-straddling country that calls itself ""The Middle of the World."" Each of these stories carries a woman's name, and each features a mysterious, alluring female outsider who bewitches men. In the first tale, a blonde woman with an unclear past arrives in a remote, male-deprived Andean town and offers piano lessons, only to become the focus of wild rumors and innuendo. In the second, a married college professor who is haunted by nightmares becomes obsessed with a beguiling woman who seems to be sending him an ominous message. In the final story, a couple vacationing at a jungle resort refuse to believe in the ancient myths of Ecuador, but are forced to confront the legendary Guasangó."
716560,Federico Fellini's Mysterious Journey,2003-01-01,0.0,8.14,EN,Documentary
47705,Under Your Make-up,2009-04-23,6.0,10.92,EL,"Niki, an employee at a cosmetics shop, wants to have a child. Driving back home one night, she runs over a little girl. Although innocent, Niki now has to deal with the ""unbearable""."
1304434,Nobody,2025-08-02,7.7,12.03,ZH,"The Little Pig Yao decides to leave Langlang Mountain to join the pilgrimage. On the journey west, what trials will the little monsters face? In the end, will they achieve their dreams and live as they truly desire?"
36557,Casino Royale,2006-11-14,7.6,11.12,EN,"Le Chiffre, a banker to the world's terrorists, is scheduled to participate in a high-stakes poker game in Montenegro, where he intends to use his winnings to establish his financial grip on the terrorist market. M sends Bond—on his maiden mission as a 00 Agent—to attend this game and prevent Le Chiffre from winning. With the help of Vesper Lynd and Felix Leiter, Bond enters the most important poker game in his already dangerous career."
527435,The Christmas Chronicles,2018-11-22,7.2,13.61,EN,"Siblings Kate and Teddy try to prove Santa Claus is real, but when they accidentally cause his sleigh to crash, they have to save Christmas."
527435,The Christmas Chronicles,2018-11-22,7.2,13.61,EN,"Siblings Kate and Teddy try to prove Santa Claus is real, but when they accidentally cause his sleigh to crash, they have to save Christmas."
61003,Enseñar a un sinvergüenza,1970-04-25,4.0,11.43,ES,"Rosana is an attractive teacher who is losing his youth with such discipline in the study. When suddenly bursts into his life a perfect cheeky who lives of game and odd jobs as photographer, but wants to acquire a little culture for personal reasons. So he hires the services of the best teacher of the place ..."
142358,A Night Full of Rain,1978-01-17,5.0,10.8,EN,"Lizzy, a liberated American photographer, falls for narrow-minded journalist Paolo. Then finds she can't live with him or without him."
680438,After Truth: Disinformation and the Cost of Fake News,2020-03-19,6.6,10.74,EN,"An investigation into the ongoing threat caused by the phenomenon of “fake news” in the U.S., focusing on the real-life consequences that disinformation, conspiracy theories and false news stories have on the average citizen."
245191,"'Okay, Boss...!'",1978-01-06,5.9,12.65,CS,"Láda Pitras (Ludek Sobota) and Oto Vacák (Petr Nározný) founded in the company Pragokov a Research department of recruitment of labor. For recruitment of workers in professions sought after both recruiters worked out an effective, often almost illegal methods. They followed secretly for instance the welder Niederle and managed to record his lovesick courting to his colleague Anicka. The fear of his jealous wife made him to join Pragokov."
300116,"Wie schön, daß es dich gibt",1958-01-30,0.0,10.84,DE,
541759,Last Year When the Train Passed By,2018-08-08,6.4,8.2,ZH,"“What were you doing last year, when I took this photo from a train passing by your house?”"
511809,West Side Story,2021-12-08,7.0,16.92,EN,"Two youngsters from rival New York City gangs fall in love, but tensions between their respective friends build toward tragedy."
292033,The Sound and the Silence: The Alexander Graham Bell Story,1993-07-18,5.0,10.78,EN,"True story of Alexander Graham Bell's invention of the telephone, inspired by his mother."
18248,The Foreigner,2003-06-01,3.9,9.19,EN,This story is about a freelance agent who is the courier of a package from France to Germany. He soon finds that many people want to get their hands on it.
427641,Rampage,2018-04-11,6.5,11.17,EN,"Primatologist Davis Okoye shares an unshakable bond with George, the extraordinarily intelligent, silverback gorilla who has been in his care since birth.  But a rogue genetic experiment gone awry mutates this gentle ape into a raging creature of enormous size.  To make matters worse, it’s soon discovered there are other similarly altered animals.  As these newly created alpha predators tear across North America, destroying everything in their path, Okoye teams with a discredited genetic engineer to secure an antidote, fighting his way through an ever-changing battlefield, not only to halt a global catastrophe but to save the fearsome creature that was once his friend."
516598,Commercial for the Queen of Meatloaf,2017-11-09,0.0,11.46,EN,All this bored 1950s housewife wants to do is prepare a delicious meatloaf. What could go wrong?
73948,Australia After Dark,1975-12-26,5.0,11.16,EN,"An exotic world of eroticism, witchcraft, masochism and strange secret places."
660871,36 Ways To Say Good Morning,2018-11-09,0.0,9.32,EN,Good Morning in Singapore.
360970,Sex Life of Plants,2016-09-22,3.2,10.87,ES,"After a head injury makes a dimwit stranger out Barbara's beloved Guille, she ceases to feel desire for him. Nearing 35, and longing for motherhood, she settles with a new partner, while the memory of lost love harrows her."
211729,Freeway,1988-09-02,4.7,8.49,EN,A deeply disturbed man goes on a murderous nighttime rampage across Los Angeles.
85,Raiders of the Lost Ark,1981-06-12,7.9,11.24,EN,"When Dr. Indiana Jones – the tweed-suited professor who just happens to be a celebrated archaeologist – is hired by the government to locate the legendary Ark of the Covenant, he finds himself up against the entire Nazi regime."
1385536,Sore: A Wife from the Future,2025-07-10,7.8,11.84,ID,"A young man living alone in Croatia encounters a woman who claims to be his wife from the future, sent on a mission to help him correct his bad habits and improve his lifestyle."
700427,Eine Klasse für sich,2019-11-13,6.4,10.75,DE,"Suddenly going back to school, who hasn't woken up from this nightmare? For the teacher Fabian Sorge it becomes reality. Shortly before he became a civil servant, it came out that he forged his high school diploma as a young man."
244147,El sueño de los héroes,1997-11-05,5.0,10.68,ES,
490261,At a Quarter of Two,1911-07-13,0.0,12.61,EN,"A lost film. Dan Nolan is on strike and in the depths of despair. He resolves to steal to help his plight. He enters the home of Homer Warren and the household is saddened by the serious illness of a little daughter. Nolan is prowling about the house, enters the room in which the child is ill and secretes himself in a closet, watching procedings through the keyhole. He watches the doctor impress upon the family the importance of administering the medicine promptly at the appropiate hour. When that time arrives everyone is asleep and he finds that he must be the one to help the child."
546755,ROH & NJPW: War of The Worlds - Royal Oak,2018-05-12,0.0,10.84,EN,"Tag Team Championship Match To Main Event In Royal Oak  Flip, 'Burger, & Liger Team To Take On SCU In Royal Oak  Three Of The Best Teams In The World Compete In Royal Oak  Four Corner Survival Set For Royal Oak  Heavyweights Battle For Their First Time In Royal Oak  Cody Clashes With Takahashi In Royal Oak  Punishment Martinez and Adam Page Face Off At War of The Worlds: Royal Oak"
103099,A Tale of Egypt,1998-01-01,6.0,12.6,EN,"Heroic characters, memorable songs and thrilling deeds weave an unforgettable story of faith and courage amid the splendors of ancient Egypt in this brilliantly animated Enchanted Tale!"
1484667,Der Pokal der Fürstin,1920-01-01,0.0,10.87,DE,"Kurt Brenkendorf investigates as detective Joe Jenkins, with a keen sense of criminal psychology and astonishing deception tactics."
376531,La Bayadère,2011-01-04,0.0,12.59,EN,"Marius Petipa’s exotic ballet set in legendary India is a story of love, death and vengeful judgement. Natalia Makarova’s sumptuous recreation of Petipa’s choreography, with atmospheric sets by Pier Luigi Samaritini and beautiful costumes by Yolanda Sonnabend, stars Tamara Rojo as the Bayadère (temple dancer) Nikiya, Carlos Acosta as Solor, and Marianela Nuñez as Gamzatti, whose alluring presence challenges Solor’s love for Nikiya.  Live performance recorded in 2009."
407986,O Homem que Viu Zé Limeira,2013-12-07,0.0,11.64,PT,
9806,The Incredibles,2004-11-05,7.7,11.72,EN,"Bob Parr has given up his superhero days to log in time as an insurance adjuster and raise his three children with his formerly heroic wife in suburbia. But when he receives a mysterious assignment, it's time to get back into costume."
896177,The Road Through the Dark,1918-11-01,0.0,8.81,EN,"Gabrielle Jardee, daughter of a conservative Parisian family, is in love with an American, John Morgan, who her parents disapprove of. She is sent away from Paris to a small village, where her aunt lives with her sister and brother. The war comes and the Germans enter the town. She becomes the mistress of a German Kommandant."
131210,A három testőr Afrikában,1996-04-12,5.0,10.63,HU,"The Three Musketeers in Africa is a novel written by a Hungarian novelist Jenő Rejtő with the penname P. Howard. It tells the story of Csülök, Senki Alfonz (Alfonz Nobody) and Tuskó Hopkins, the three legionaries . They have to deliver an important letter to Marquis De Surenne and protect a young lady called Yvonne Barre through the desert and lead her to a safe place. Although these three men are outlaws , they try to do everything to help people who are in need. This is a very exciting book with the unique humor of Jenő Rejtő."
1538460,Waging War Against God,2025-09-28,0.0,8.46,NL,
872855,What Makes a Woman,2018-05-16,0.0,9.5,EN,"In What Makes a Woman, Munroe Bergdorf sets out to explore the changing world of gender and identity by way of her very own, very personal journey. Showing her in quiet, intimate, and extremely vulnerable moments. An honest insight into gender identity, Bergdorf prepares for a life-changing facial surgery, helping her finally picture herself as a woman."
144304,La moglie è uguale per tutti,1955-10-21,6.9,10.95,IT,"Antonio De Papis is a lawyer and his specialization is separation by mutual consent. He is contrary to marriage because he sees so many of them going wrong. So when his nephew calls on him asking for his approval to his marriage, Antonio suggests to him to spend a day in his office to see what marriage really is."
998984,Jack Wrather: A Legacy of Film and Friendship,2022-06-10,0.0,9.11,EN,A documentary by Steven C. Smith and Alan K. Rode featuring interviews with Chris Wrather and Gretchen (Castle) Bernfeld.
589915,Marek Edelman… And There Was Love in the Ghetto,2019-04-29,6.0,10.92,PL,"Shortly before his death, Marek Edelman (1919-2009), former commander of the Warsaw Ghetto Uprising (1943) against the Nazi occupation, wonders about several basic themes of human existence in relation to the Shoah: how was it possible to enjoy love, tenderness, passion and lust while the whole world was crumbling and burning around."
1403723,How Deep Is Your Love,2025-02-28,0.0,10.81,EN,"The deep sea is the last unknown territory on Earth. Here, biologists struggle to study the enigmatic wildlife that looks like something from another planet. But time is running out as deepsea mining threatens the fragile ecosystems."
353346,The Late Blossom,1977-02-11,0.0,10.91,FR,"30-year-old Quebec City native Gisèle lives a quiet life as a secretary without happiness with her parents and siblings. One day, tired of being teased by her office mates, she decides to consult a marriage agency to find her soul mate."
861451,Martin,2024-10-11,4.1,11.44,KN,"Martin revolves around Lt. Brigadier Arjun Saxena, whose journey takes him from Pakistan to India to discover his real identity and fight against black market dealers, who are involved with terrorists to orchestrate massive attacks in the country."
1930,The Amazing Spider-Man,2012-06-23,6.7,11.7,EN,"Peter Parker is an outcast high schooler abandoned by his parents as a boy, leaving him to be raised by his Uncle Ben and Aunt May. Like most teenagers, Peter is trying to figure out who he is and how he got to be the person he is today. As Peter discovers a mysterious briefcase that belonged to his father, he begins a quest to understand his parents' disappearance – leading him directly to Oscorp and the lab of Dr. Curt Connors, his father's former partner. As Spider-Man is set on a collision course with Connors' alter ego, The Lizard, Peter will make life-altering choices to use his powers and shape his destiny to become a hero."
310590,A Verdi Gala from Berlin,2002-04-16,0.0,9.21,EN,"Claudio Abbado conducts the Berlin Philharmonic in this gala New Year's Eve performance, organized to commemorate the 100th anniversary of Giuseppe Verdi's death. Recorded in 2000, the program includes excerpts from the composer's ""La Traviata,"" ""Falstaff,"" ""Rigoletto,"" ""Don Carlos"" and ""Un Ballo in Maschera,"" with solos by Andrea Rost (soprano), Ramon Vargas (tenor), Alan Titus (baritone) and Lucio Gallo (bass-baritone)."
403069,Por cuatro días locos,1953-07-30,0.0,10.67,ES,
1517759,The Bro Bowl: 30 Years of Tampa Concrete,2010-01-21,0.0,10.71,EN,"This documentary tells the story of one of the first free public skate parks built in the late 1970s. Located near housing projects in downtown Tampa, the bro bowl became the centerpiece of an unintended culture clash between suburban kids and locals from nearby neighborhoods."
15355,Melodrama Habibi,2008-08-13,6.5,10.82,FR,"Dans les années 70 Bruno Caprice a connu un succès éphémère avec ""Quand tu t'en vas"", son premier et unique 45 tours. Aujourd'hui oublié, il gagne sa vie comme réceptionniste dans un grand hôtel parisien. Mais un coup de fil inattendu va changer le cours de sa vie..."
716589,Les secrets de la belle endormie,2020-06-17,0.0,10.68,FR,
852821,The Adventures of the Magic Globe or Witch's Tricks,1991-07-02,0.0,10.53,RU,"Animation film consists of four small stories. No Trouble, Boy from Naples, Cinderella and Hazelnut Twig."
615777,Babylon,2022-12-22,7.4,11.86,EN,"A tale of outsized ambition and outrageous excess, tracing the rise and fall of multiple characters in an era of unbridled decadence and depravity during Hollywood's transition from silent films to sound films in the late 1920s."
524006,Under the Wire,2018-09-07,8.1,10.73,EN,"On 12 February 2012, two journalists entered war-ravaged Syria. One of them was celebrated Sunday Times war correspondent, Marie Colvin. The other was photographer, Paul Conroy. Their aim was to cover the plight of Syrian civilians trapped in Homs, a city under siege and relentless military attack from the Syrian army. Only one of them returned."
1497693,John Levene: In Conversation,2025-03-03,0.0,12.51,EN,"In Conversation was a series of Doctor Who Blu-ray interviews, released as part of The Collection box sets. Each are hosted by Matthew Sweet, where he interviews Doctor Who celebrities about their lives and careers in and outside of Doctor Who."
53297,Carlitos and the Chance of a Lifetime,2008-08-22,6.7,10.68,ES,"Carlitos is a heartfelt story about one young boy's fight for his right to play soccer, while keeping his very essence intact."
1096743,Peter Steiners Theaterstadl - Ein Millionär im Haus,1993-05-15,0.0,10.61,DE,
505642,Black Panther: Wakanda Forever,2022-11-09,7.0,12.09,EN,"Queen Ramonda, Shuri, M’Baku, Okoye and the Dora Milaje fight to protect their nation from intervening world powers in the wake of King T’Challa’s death.  As the Wakandans strive to embrace their next chapter, the heroes must band together with the help of War Dog Nakia and Everett Ross and forge a new path for the kingdom of Wakanda."
447199,"The Vizconde Massacre: God, Help Us!",1993-06-24,0.0,10.89,TL,"A gruesome look into the infamous and seemingly neverending 1991 Vizconde murder case in the Philippines where a woman, her teen daughter, and a 6-year-old were all viciously stabbed to death while the husband was away in America on business."
746333,Superwho?,2022-02-02,6.4,10.71,FR,"A struggling actor seems doomed to live life as a loser. When he finally snatches a lead role as a superhero named “Badman,” he feels like everything is possible, but fate strikes again."
478705,Überall ist Wunderland - Erinnerungen an Joachim Ringelnatz,1971-07-25,0.0,10.63,DE,
823219,Flow,2024-08-29,8.1,11.8,LV,"A solitary cat, displaced by a great flood, finds refuge on a boat with various species and must navigate the challenges of adapting to a transformed world together."
335368,Hay que educar a Niní,1940-07-17,6.8,8.68,ES,"A young woman pretends to be the daughter of a financier and enters a rich girls' college, where she commits a thousand mischiefs."
399744,So oder so ist das Leben: Vier Begegnungen in einer Großstadt,1983-01-23,0.0,10.43,DE,
358483,The Victoria Line Report No. 2: Down and Along,1965-01-02,0.0,10.66,EN,"Part two in a series of five films covering the construction of the London Underground's new 'Victoria' Line. This was to be BTF's largest single project in terms of quantity of footage that was shot. These reports examine in depth the work involved in this great engineering project. As they are of a technical nature, they were only available for showing to suitable audiences. This particular film explains modern techniques of tunnelling and shows tunnels being dug."
45197,The 7 Tyrants of Jiangnan,1962-12-05,6.4,9.25,CN,"A child learns martial arts in order to become a Kung Fu warrior. Features the Seven Little Fortunes, and is the debut film of Jackie Chan."
435196,An Edo Magistrate,1961-03-12,5.8,10.88,JA,"When a former artisan is tricked into putting his sister up as collateral for a loan by a gangster boss in a crooked gambling casino it sets in motion the story of Ooka Echizen, the famed magistrate of Edo during the reign of Shogun Tsuneyoshi.  In a world where humans bow down to dogs and are beheaded for harming them, it's a wonder people can survive at all. Nakamura Kinnosuke is a former samurai who has left the fold to live freely and must put his life on the line to save the girl he loves, and rescue her from the yakuza who duped her brother.  When the truth comes out about his background, he is forced to take on the role of Edo Magistrate, a decision that brings him unimaginable heartache and danger!"
559,Spider-Man 3,2007-05-01,6.4,11.93,EN,"The seemingly invincible Spider-Man goes up against an all-new crop of villains—including the shape-shifting Sandman. While Spider-Man’s superpowers are altered by an alien organism, his alter ego, Peter Parker, deals with nemesis Eddie Brock and also gets caught up in a love triangle."
428954,Hararna fångar och steker jägaren,1996-02-04,0.0,12.44,SV,Peter Nestler illustrates a poem by Hans Sachs from 1540.
281844,Want to Bet a Million?,1932-03-01,7.0,12.44,DA,Consul General Winterfeld is not thrilled that his son Jørgen will marry showgirl Aurora. He promises Jørgen a million if he can spend a month in the company of Aurora without there being a fight.
441020,Der Arzt von Bothenow,1961-06-23,0.0,12.43,DE,"The son of a working-class man, Harry Brenner studied medicine at the ABF and quickly made a career as a doctor in Berlin. His lifestyle and his demanding wife swallow up a lot of money, so he takes on any part-time work. After a gross dereliction of duty, he is transferred to Bothenow. He meets Eva again, whom he knows from his student days and who now works here as a nurse. The two hit it off and Dr. Brenner slowly begins to change his life. In doing so, he increasingly comes into conflict with his wife. Their different views on life eventually lead to a separation."
465874,Fernanda Pivano: A Farewell to Beat,2001-10-22,7.5,12.42,IT,
465275,"Larose, Pierrot et la Luce",1982-04-09,0.0,12.42,FR,
499447,Impermanence,2018-01-29,5.2,12.41,ZH,"Fate brings together three fascinating lost souls – a monk with a sack of money, an innkeeper with an uneasy conscience, and a father who’s lost his son – in young Chinese director Zeng Zeng’s mysterious tale of guilt, punishment and ambiguous redemption."
1659,Texas - Doc Snyder hält die Welt in Atem,1993-11-11,5.9,12.41,DE,"The dreaded Doc Snyder returns home after 30 years. After his long ride through the prairies of the wild west, his laundry is extremely dirty, and who could wash it better than his unshaven mommy? But first she sends him to the prison, from which he is to free his brother Hank, because otherwise he will be hanged. When that's done, they both spontaneously decide to rob a bank, which goes completely wrong. Before Doc Snyder's eyes, his beloved brother is shot by his intimate enemy, the Nose Man. Snyder initially manages to escape, but the Nose Man takes up the pursuit, and from then on many innocent people have to die - including Snyder's mother..."
617445,Coach Stage Stage Coach,2019-02-15,0.0,12.41,EN,Paul McCarthy's reinterpretation of John Ford's classic western Stagecoach.
272131,Send in the Clowns,1983-04-01,0.0,12.41,ZH,"Two sisters are part of a cabaret act that is rapidly declining in attendance, and although the older sisteris constantly trying to push her younger sister to the forefront in a solo act, the younger sibling is less than enthusiastic. She sees little future in show business, whether in the chorus line or up front -- and so when her older sister finally pulls off a deal for the two to go to Taipei and possibly make some ""real money,"" the younger sister must say yes or no, and either way, one of the two will not be happy."
380508,Babae... Ngayon at Kailanman,1977-12-24,2.0,12.4,TL,"Babae...Ngayon at Kailanman is  a film adaptation of three Filipino short story masterpieces: Nick Joaquin's ""May Day Eve"", Amador Daguio's ""Wedding Dance"" and Wilfrido Nollega's ""Juego de Prenda."
895973,Virgin Story,2022-02-18,7.0,12.4,TE,"In the present world of less attention span and instant gratification, can the time consuming emotion of love survive or fade away."
1497568,The Greater  East Asian War,1968-12-08,0.0,12.4,JA,
468105,Why It's Kicking Off Everywhere,2017-07-22,0.0,12.4,EN,"Why It's Kicking Off Everywhere is about different kinds of popular protest. Written and performed by Paul Mason, former economics editor of Channel 4 News and BBC's Newsnight, the play is a personal account of how we got from the optimism of the Arab Spring and the Occupy Movement to the election of Donald Trump. Why It's Kicking Off Everywhere is directed by David Lan and performed by Paul Mason, Khalid Abdalla, Sirine Saba and Lara Sawalha. It is directed for TV by Tim van Someren and produced by the Young Vic in partnership with Totally Theatre Productions."
542669,All Eyes on Lenzi: The Life and Times of the Italian Exploitation Titan,2018-08-27,6.0,12.39,EN,"A look back at the storied career of the late, great exploitation director Umberto Lenzi - as told through the director, in one of his last substantial sit-down interviews, colleagues and critics."
397516,El último caso del detective Prado,2006-01-02,0.0,12.39,ES,"After a long career as a detective in the Criminal Investigation Corps of the Police of Puerto Rico, José Rafael Prado takes office work before retiring. The murder of a coworker creates a vacancy Prado quickly wants to fill in order to ""retire with honor""."
303813,Por Dúvida das Vias,1988-01-01,0.0,12.38,PT,"A Journalism intern makes her first report in a public office, getting lost in the bureaucratic intricacies."
1175174,Fackham Hall,2025-12-01,7.2,12.38,EN,"A new porter embarks on an unlikely relationship with the youngest daughter of a prominent English family. Simultaneously, rivalries are spilling over in the Davenport family, led by the Lord and Lady as they also weather the epic failure of the wedding of their eldest daughter to her caddish cousin."
1029575,The Family Plan,2023-12-14,7.2,12.38,EN,"Dan Morgan is many things: a devoted husband, a loving father, a celebrated car salesman. He's also a former assassin. And when his past catches up to his present, he's forced to take his unsuspecting family on a road trip unlike any other."
862790,Finding Your True Self,2022-01-28,10.0,12.38,EN,An encounter with some potential new friends gives an isolated young man the chance to get more out of life as he tries to break away from his controlling brother.
324786,Hacksaw Ridge,2016-10-07,8.2,12.38,EN,"WWII American Army Medic Desmond T. Doss, who served during the Battle of Okinawa, refuses to kill people and becomes the first Conscientious Objector in American history to receive the Congressional Medal of Honor."
